episode_local_step,global_step,had_intervene_action,action_source,reward,done,mask,grasp_penalty,a0,a1,a2,a3,a4,a5,a6,gripper_label,pos_dx_mm,pos_dy_mm,pos_dz_mm,rot_droll_deg,rot_dpitch_deg,rot_dyaw_deg,policy_a6,stored_before_a6,raw_intervene_a6,obs_gripper_feedback,next_obs_gripper_feedback,env_raw_action6,env_mapped_hw,env_feedback_before,env_feedback_after,env_mem_before,env_mem_after,env_map_reason,critic_q_mean,critic_q_min,critic_q_max,critic_qs,grasp_q_selected,grasp_qs
0,10399,False,policy,0.0,False,1.0,0.0,0.1997641921043396,0.28231117129325867,-0.284645140171051,0.1627717912197113,0.0939774438738823,0.2989528775215149,0.0,hold(0),3.9952838420867924,5.646223425865173,-5.6929028034210205,0.3730454664269619,0.21538043613604116,0.6851495262109688,0.0,0.0,,82.21937561035156,82.21937561035156,0.0,80.0,82.21937561035156,,,,hold_to_memory_or_latch,1.9936256408691406,1.9864388704299927,2.000812530517578,"[1.9864388704299927, 2.000812530517578]",-0.03636625036597252,"[-0.054174117743968964, -0.03636625036597252, -0.05808708816766739]"
1,10400,False,policy,0.0,False,1.0,0.0,0.27581700682640076,0.28677883744239807,-0.2803463339805603,0.14427879452705383,-0.08199352025985718,0.2840074300765991,0.0,hold(0),5.516340136528015,5.735576748847961,-5.606926679611206,0.3306626399854154,-0.187915306332409,0.6508970837498387,0.0,0.0,,82.21937561035156,82.21937561035156,0.0,80.0,82.21937561035156,,,,hold_to_memory_or_latch,1.9824566841125488,1.9751471281051636,1.9897661209106445,"[1.9751471281051636, 1.9897661209106445]",-0.039858635514974594,"[-0.058270297944545746, -0.039858635514974594, -0.0585395023226738]"
2,10401,False,policy,0.0,False,1.0,0.0,-0.2755996882915497,0.23957931995391846,-0.28542932868003845,0.27515462040901184,-0.2065788358449936,0.29077258706092834,0.0,hold(0),-5.511993765830994,4.791586399078369,-5.708586573600769,0.6306079385184242,-0.4734438172257591,0.6664016814676593,0.0,0.0,,82.21937561035156,82.21937561035156,0.0,80.0,82.21937561035156,,,,hold_to_memory_or_latch,1.9992115497589111,1.9909272193908691,2.007495880126953,"[1.9909272193908691, 2.007495880126953]",-0.03698388859629631,"[-0.05387590825557709, -0.03698388859629631, -0.058552809059619904]"
3,10402,False,policy,0.0,False,1.0,0.0,0.28259244561195374,0.29384371638298035,-0.25145187973976135,0.07529125362634659,-0.02680797129869461,0.29282063245773315,0.0,hold(0),5.651848912239076,5.876874327659607,-5.029037594795227,0.17255484268154858,-0.061439344508921835,0.6710954557671839,0.0,0.0,,82.21937561035156,82.21937561035156,0.0,80.0,82.21937561035156,,,,hold_to_memory_or_latch,1.9915721416473389,1.983148217201233,1.9999960660934448,"[1.983148217201233, 1.9999960660934448]",-0.03955627605319023,"[-0.05887310951948166, -0.03955627605319023, -0.05661339312791824]"
4,10403,False,policy,0.0,False,1.0,0.0,0.21168291568756104,0.26121988892555237,-0.15085816383361816,0.08755192905664444,0.10890816152095795,0.2979829013347626,0.0,hold(0),4.233658313751221,5.224397778511047,-3.0171632766723633,0.20065424092698103,0.24959912038719853,0.6829265045418049,0.0,0.0,,82.21937561035156,82.21937561035156,0.0,80.0,82.21937561035156,,,,hold_to_memory_or_latch,1.9949958324432373,1.9817413091659546,2.0082502365112305,"[1.9817413091659546, 2.0082502365112305]",-0.04193805530667305,"[-0.058124855160713196, -0.04193805530667305, -0.0599222332239151]"
5,10404,False,policy,0.0,False,1.0,0.0,0.14707262814044952,0.2854541540145874,-0.284620076417923,0.27080458402633667,0.17834550142288208,0.28369906544685364,0.0,hold(0),2.9414525628089905,5.709083080291748,-5.69240152835846,0.6206383895001985,0.40873778106702247,0.6501903640764175,0.0,0.0,,82.21937561035156,82.20531463623047,0.0,80.0,82.21937561035156,,,,hold_to_memory_or_latch,1.9699745178222656,1.9571754932403564,1.9827735424041748,"[1.9571754932403564, 1.9827735424041748]",-0.039601996541023254,"[-0.04640576243400574, -0.039601996541023254, -0.056221216917037964]"
6,10405,False,policy,0.0,False,1.0,0.0,0.08924229443073273,0.15612471103668213,-0.28874075412750244,0.2282223403453827,0.05530190467834473,0.29542842507362366,0.0,hold(0),1.7848458886146545,3.1224942207336426,-5.774815082550049,0.5230470756955472,0.1267426294841574,0.67707207619662,0.0,0.0,,82.20531463623047,82.12802124023438,0.0,80.0,82.20531463623047,,,,hold_to_memory_or_latch,1.9983851909637451,1.9864875078201294,2.0102827548980713,"[1.9864875078201294, 2.0102827548980713]",-0.03911356255412102,"[-0.04895409196615219, -0.03911356255412102, -0.06166395545005798]"
7,10406,False,policy,0.0,False,1.0,0.0,0.23787355422973633,0.2515510618686676,-0.2863578498363495,0.18274462223052979,0.02920098975300789,0.2853015661239624,0.0,hold(0),4.757471084594727,5.031021237373352,-5.72715699672699,0.41881982330087825,0.06692373881808464,0.6538630250950251,0.0,0.0,,82.12802124023438,82.12802124023438,0.0,80.0,82.12802124023438,,,,hold_to_memory_or_latch,1.9893639087677002,1.9744659662246704,2.0042619705200195,"[1.9744659662246704, 2.0042619705200195]",-0.04105701670050621,"[-0.0519256666302681, -0.04105701670050621, -0.06082848459482193]"
8,10407,False,policy,0.0,False,1.0,0.0,0.2628444731235504,0.2567286789417267,-0.29742908477783203,0.2337825745344162,0.018283531069755554,0.2855781614780426,0.0,hold(0),5.256889462471008,5.134573578834534,-5.948581695556641,0.5357901937809858,0.04190276659573218,0.654496934951894,0.0,0.0,,82.12802124023438,82.11397552490234,0.0,80.0,82.12802124023438,,,,hold_to_memory_or_latch,1.9147865772247314,1.9030368328094482,1.9265363216400146,"[1.9030368328094482, 1.9265363216400146]",-0.039651717990636826,"[-0.05563663691282272, -0.039651717990636826, -0.059219032526016235]"
9,10408,False,policy,0.0,False,1.0,0.0,0.23501552641391754,0.24667571485042572,-0.29588913917541504,0.1275063008069992,-0.21523909270763397,0.29089123010635376,0.0,hold(0),4.700310528278351,4.933514297008514,-5.917782783508301,0.2922229159026631,-0.49329166393489926,0.6666735912985176,0.0,0.0,,82.11397552490234,82.11397552490234,0.0,80.0,82.11397552490234,,,,hold_to_memory_or_latch,1.9166220426559448,1.9077860116958618,1.9254580736160278,"[1.9077860116958618, 1.9254580736160278]",-0.038807738572359085,"[-0.04809814691543579, -0.038807738572359085, -0.06482169777154922]"
10,10409,False,policy,0.0,False,1.0,0.0,0.17028306424617767,0.27017897367477417,-0.2928254306316376,0.29222896695137024,-0.07176279276609421,0.22329120337963104,0.0,hold(0),3.4056612849235535,5.403579473495483,-5.8565086126327515,0.6697394583112612,-0.1644682060627661,0.5117457422420065,0.0,0.0,,82.11397552490234,82.11397552490234,0.0,80.0,82.11397552490234,,,,hold_to_memory_or_latch,1.9565703868865967,1.9422906637191772,1.9708501100540161,"[1.9422906637191772, 1.9708501100540161]",-0.040925975888967514,"[-0.04417870193719864, -0.040925975888967514, -0.06730110943317413]"
11,10410,False,policy,0.0,False,1.0,0.0,0.22016514837741852,0.25970834493637085,-0.042556002736091614,0.06226618215441704,0.069075807929039,0.2954036593437195,0.0,hold(0),4.403302967548371,5.194166898727417,-0.8511200547218324,0.14270357775363599,0.15831009043160968,0.6770153173246174,0.0,0.0,,82.11397552490234,82.11397552490234,0.0,80.0,82.11397552490234,,,,hold_to_memory_or_latch,1.9716339111328125,1.9641417264938354,1.9791259765625,"[1.9641417264938354, 1.9791259765625]",-0.03916042298078537,"[-0.042885199189186096, -0.03916042298078537, -0.050430454313755035]"
12,10411,False,policy,0.0,False,1.0,0.0,0.28261399269104004,0.28280049562454224,-0.2688565254211426,0.031781136989593506,-0.16372238099575043,0.2764020562171936,0.0,hold(0),5.652279853820801,5.656009912490845,-5.377130508422852,0.07283700070523258,-0.375224057715575,0.6334668507993164,0.0,0.0,,82.11397552490234,82.11397552490234,0.0,80.0,82.11397552490234,,,,hold_to_memory_or_latch,1.9372191429138184,1.9332011938095093,1.9412370920181274,"[1.9332011938095093, 1.9412370920181274]",-0.03188539668917656,"[-0.051933884620666504, -0.03188539668917656, -0.05309118330478668]"
13,10412,False,policy,0.0,False,1.0,0.0,0.28588828444480896,0.22830159962177277,-0.04776715859770775,-0.06480749696493149,-0.0994066670536995,0.23369178175926208,0.0,hold(0),5.717765688896179,4.566031992435456,-0.955343171954155,-0.14852784227589869,-0.227823299105566,0.5355821120679214,0.0,0.0,,82.11397552490234,82.11397552490234,0.0,80.0,82.11397552490234,,,,hold_to_memory_or_latch,1.9428346157073975,1.9350379705429077,1.9506311416625977,"[1.9350379705429077, 1.9506311416625977]",-0.032168153673410416,"[-0.04811929166316986, -0.032168153673410416, -0.04723647981882095]"
14,10413,False,policy,0.0,False,1.0,0.0,0.2663743495941162,0.04197249561548233,-0.28495123982429504,0.26430901885032654,-0.1967889666557312,0.2791076898574829,0.0,hold(0),5.327486991882325,0.8394499123096466,-5.699024796485901,0.6057516506946972,-0.45100708976456333,0.6396677063392042,0.0,0.0,,82.11397552490234,82.11397552490234,0.0,80.0,82.11397552490234,,,,hold_to_memory_or_latch,1.9540703296661377,1.9471497535705566,1.9609909057617188,"[1.9471497535705566, 1.9609909057617188]",-0.03745013102889061,"[-0.05733514577150345, -0.03745013102889061, -0.04325249046087265]"
15,10414,False,policy,0.0,False,1.0,0.0,0.055512685328722,0.22372780740261078,-0.29252249002456665,-0.06656645238399506,-0.035351816564798355,0.2917134761810303,0.0,hold(0),1.11025370657444,4.474556148052216,-5.850449800491334,-0.15255907115045894,-0.08102039549134472,0.6685580404905241,0.0,0.0,,82.11397552490234,82.11397552490234,0.0,80.0,82.11397552490234,,,,hold_to_memory_or_latch,1.9585447311401367,1.9521487951278687,1.9649405479431152,"[1.9521487951278687, 1.9649405479431152]",-0.03680106997489929,"[-0.04924812167882919, -0.03680106997489929, -0.04202946275472641]"
16,10415,False,policy,0.0,False,1.0,0.0,0.26435932517051697,0.28923413157463074,-0.2825569808483124,-0.048921700567007065,0.08927026391029358,0.2587328255176544,0.0,hold(0),5.287186503410339,5.784682631492615,-5.651139616966248,-0.11212027876369085,0.20459237432315405,0.5929719569462532,0.0,0.0,,82.11397552490234,82.11397552490234,0.0,80.0,82.11397552490234,,,,hold_to_memory_or_latch,1.9851031303405762,1.9795708656311035,1.9906353950500488,"[1.9906353950500488, 1.9795708656311035]",-0.030175046995282173,"[-0.038320936262607574, -0.030175046995282173, -0.052492789924144745]"
17,10416,False,policy,0.0,False,1.0,0.0,0.2934624254703522,0.2376045137643814,-0.29122433066368103,0.16239863634109497,0.07998986542224884,0.2810502350330353,0.0,hold(0),5.869248509407044,4.752090275287628,-5.824486613273621,0.3721902584409847,0.18332326770057186,0.6441196919421102,0.0,0.0,,82.11397552490234,82.11397552490234,0.0,80.0,82.11397552490234,,,,hold_to_memory_or_latch,2.002469301223755,1.9973564147949219,2.007582187652588,"[2.007582187652588, 1.9973564147949219]",-0.02467420883476734,"[-0.03716129809617996, -0.02467420883476734, -0.044825248420238495]"
18,10417,False,policy,0.0,False,1.0,0.0,0.27932271361351013,0.17984509468078613,-0.2744514048099518,0.13071714341640472,0.25184351205825806,0.2816055715084076,0.0,hold(0),5.5864542722702035,3.5969018936157227,-5.489028096199036,0.29958162511065145,0.5771828135476097,0.6453924293920503,0.0,0.0,,82.11397552490234,82.11397552490234,0.0,80.0,82.11397552490234,,,,hold_to_memory_or_latch,1.9680405855178833,1.9654585123062134,1.9706226587295532,"[1.9706226587295532, 1.9654585123062134]",-0.028060389682650566,"[-0.03843867778778076, -0.028060389682650566, -0.05106174200773239]"
19,10418,False,policy,0.0,False,1.0,0.0,0.2763173282146454,0.29205623269081116,-0.2637186348438263,0.22330079972743988,0.13502679765224457,0.20509420335292816,0.0,hold(0),5.526346564292908,5.841124653816223,-5.274372696876527,0.511767735451134,0.30945862506562344,0.47004129018882573,0.0,0.0,,82.11397552490234,82.11397552490234,0.0,80.0,82.11397552490234,,,,hold_to_memory_or_latch,2.003251075744629,1.997111201286316,2.0093908309936523,"[2.0093908309936523, 1.997111201286316]",-0.02442272938787937,"[-0.051236651837825775, -0.02442272938787937, -0.05700654536485672]"
20,10419,False,policy,0.0,False,1.0,0.0,0.2894974648952484,0.2776731848716736,-0.28759148716926575,0.2646392285823822,0.2120027095079422,0.2856467664241791,0.0,hold(0),5.789949297904968,5.553463697433472,-5.751829743385315,0.6065084356547346,0.485874420005724,0.6546541659065876,0.0,0.0,,82.11397552490234,82.11397552490234,0.0,80.0,82.11397552490234,,,,hold_to_memory_or_latch,1.9953281879425049,1.9864263534545898,2.00423002243042,"[2.00423002243042, 1.9864263534545898]",-0.029854023829102516,"[-0.03891724348068237, -0.029854023829102516, -0.047686852514743805]"
21,10420,False,policy,0.0,False,1.0,0.0,0.2900635302066803,0.29104018211364746,-0.22719326615333557,0.2937089502811432,0.24085648357868195,0.28246009349823,0.0,hold(0),5.801270604133606,5.820803642272949,-4.543865323066711,0.6731313302530895,0.5520023990968198,0.6473508495327682,0.0,0.0,,82.11397552490234,82.11397552490234,0.0,80.0,82.11397552490234,,,,hold_to_memory_or_latch,2.053658962249756,2.047215700149536,2.0601019859313965,"[2.047215700149536, 2.0601019859313965]",-0.031214075163006783,"[-0.032546840608119965, -0.031214075163006783, -0.04791983962059021]"
22,10421,False,policy,0.0,False,1.0,0.0,0.17761342227458954,0.2736680805683136,-0.29211071133613586,0.2635107934474945,-0.16980713605880737,0.2888939380645752,0.0,hold(0),3.5522684454917908,5.473361611366272,-5.842214226722717,0.603922252827401,-0.3891692890949359,0.6620961351205585,-1.0,-1.0,,82.11397552490234,79.72634887695312,-1.0,10.0,82.11397552490234,,,,close_event_to_close_cmd,1.997074007987976,1.9890735149383545,2.0050745010375977,"[1.9890735149383545, 2.0050745010375977]",-0.025618987157940865,"[-0.02256905287504196, -0.025618987157940865, -0.05972633510828018]"
23,10422,True,policy,0.0,False,1.0,0.0,-0.15068799257278442,-0.09717047214508057,-0.087670236825943,-0.13449816405773163,0.16995175182819366,-0.15878024697303772,0.0,hold(0),-3.0137598514556885,-1.9434094429016113,-1.7534047365188599,-0.3082470861106466,0.38950072402441077,-0.363897520863997,-1.0,0.0,0.0,79.72634887695312,81.23341369628906,,,,,,,,2.0018234252929688,1.9821879863739014,2.021458625793457,"[1.9821879863739014, 2.021458625793457]",-0.028981870040297508,"[-0.028208114206790924, -0.028981870040297508, -0.054763682186603546]"
24,10423,True,policy,0.0,False,1.0,0.0,-0.0029452145099639893,0.01887008547782898,-0.014407187700271606,0.005913460161536932,0.0058410679921507835,-0.034624915570020676,0.0,hold(0),-0.058904290199279785,0.3774017095565796,-0.28814375400543213,0.013552652382992648,0.013386741751967749,-0.07935446112635983,0.0,0.0,0.0,81.23341369628906,81.23341369628906,,,,,,,,2.003620147705078,1.9895449876785278,2.017695426940918,"[1.9895449876785278, 2.017695426940918]",-0.0302885714918375,"[-0.03372880071401596, -0.0302885714918375, -0.05193015933036804]"
25,10424,True,policy,0.0,False,1.0,0.0,0.3890097141265869,-1.0,0.26899203658103943,-1.0,-0.8932088613510132,-1.0,0.0,hold(0),7.780194282531738,-20.0,5.379840731620789,-2.291831180523293,-2.047083919163959,-2.291831180523293,0.0,0.0,0.0,81.23341369628906,81.23341369628906,,,,,,,,1.9536627531051636,1.9354647397994995,1.9718607664108276,"[1.9354647397994995, 1.9718607664108276]",-0.02704075537621975,"[-0.029238104820251465, -0.02704075537621975, -0.04999370872974396]"
26,10425,True,policy,0.0,False,1.0,-0.02,0.29533207416534424,0.4287049174308777,-0.3082551062107086,0.059111256152391434,0.9654892086982727,-1.0,-1.0,close(-1),5.906641483306885,8.574098348617554,-6.165102124214172,0.13547301996995004,2.212738272953462,-2.291831180523293,0.0,0.0,0.0,81.23341369628906,23.987146377563477,,,,,,,,1.8518383502960205,1.8517334461212158,1.8519433736801147,"[1.8519433736801147, 1.8517334461212158]",-0.028090082108974457,"[-0.028090082108974457, -0.0072013200260698795, -0.04002995043992996]"
27,10426,True,policy,0.0,False,1.0,0.0,0.06668120622634888,-0.14772266149520874,0.4895403981208801,-0.3088796138763428,-0.3587852120399475,0.020998593419790268,0.0,hold(0),1.3336241245269775,-2.954453229904175,9.790807962417603,-0.7078999301097976,-0.8222751360638129,0.04812523114660658,0.0,0.0,0.0,23.987146377563477,24.001338958740234,,,,,,,,1.4871646165847778,1.4821498394012451,1.4921793937683105,"[1.4821498394012451, 1.4921793937683105]",0.043796684592962265,"[0.04213198274374008, 0.043796684592962265, -0.053042951971292496]"
28,10427,True,policy,0.0,False,1.0,0.0,-0.05028247833251953,-0.24795979261398315,1.0,1.0,-0.07171263545751572,-0.01187440287321806,0.0,hold(0),-1.0056495666503906,-4.959195852279663,20.0,2.291831180523293,-0.1643532539790348,-0.027214126754936528,0.0,0.0,0.0,24.001338958740234,24.001338958740234,,,,,,,,1.552060842514038,1.5445427894592285,1.5595790147781372,"[1.5445427894592285, 1.5595790147781372]",0.04478725418448448,"[0.03931335359811783, 0.04478725418448448, -0.05443631857633591]"
29,10428,True,policy,0.0,False,1.0,0.0,-0.23166462779045105,1.0,0.04817843437194824,0.21206405758857727,-0.7379541993141174,1.0,0.0,hold(0),-4.633292555809021,20.0,0.9635686874389648,0.4860150194497886,-1.6912664437861953,2.291831180523293,0.0,0.0,0.0,24.001338958740234,24.015531539916992,,,,,,,,1.630929946899414,1.6281485557556152,1.633711338043213,"[1.6281485557556152, 1.633711338043213]",0.044443100690841675,"[0.02230624109506607, 0.044443100690841675, -0.07444694638252258]"
30,10429,True,policy,0.0,False,1.0,0.0,0.013192743062973022,1.0,-0.18424764275550842,-0.37099090218544006,-0.5090718269348145,-0.27060192823410034,0.0,hold(0),0.26385486125946045,20.0,-3.6849528551101685,-0.8502485173190586,-1.1667066860951654,-0.6201739366366377,0.0,0.0,0.0,24.015531539916992,24.001338958740234,,,,,,,,1.495514988899231,1.4867379665374756,1.5042920112609863,"[1.5042920112609863, 1.4867379665374756]",0.12529058754444122,"[0.002363867126405239, 0.12529058754444122, -0.07685180008411407]"
31,10430,False,policy,0.0,False,1.0,0.0,-0.2713555693626404,0.2783893942832947,0.28614503145217896,-0.24275900423526764,-0.1385866105556488,0.28199291229248047,0.0,hold(0),-5.427111387252808,5.5677878856658936,5.722900629043579,-0.5563626552591725,-0.3176171152744745,0.6462801490784769,0.0,0.0,,24.001338958740234,24.905654907226562,0.0,10.0,24.001338958740234,,,,hold_to_memory_or_latch,1.408503770828247,1.4003268480300903,1.4166808128356934,"[1.4003268480300903, 1.4166808128356934]",0.18160651624202728,"[0.035981081426143646, 0.18160651624202728, -0.06099875271320343]"
32,10431,False,policy,0.0,False,1.0,0.0,0.19151751697063446,0.2954495847225189,0.28369224071502686,0.0679662898182869,0.062093302607536316,0.24081629514694214,0.0,hold(0),3.830350339412689,5.908991694450379,5.673844814300537,0.1557672622300327,0.14230736701762,0.5519102939958622,0.0,0.0,,24.905654907226562,24.68739891052246,0.0,10.0,24.905654907226562,,,,hold_to_memory_or_latch,1.3602955341339111,1.3585574626922607,1.362033486366272,"[1.3585574626922607, 1.362033486366272]",0.20458272099494934,"[0.03872811794281006, 0.20458272099494934, -0.05844951421022415]"
33,10432,False,policy,0.0,False,1.0,0.0,-0.09577741473913193,0.2966872751712799,0.2575259208679199,-0.13399678468704224,0.23086081445217133,0.24687527120113373,0.0,hold(0),-1.9155482947826385,5.933745503425598,5.150518417358398,-0.3070980092356295,0.5290940129224887,0.5657964442389024,0.0,0.0,,24.68739891052246,24.68739891052246,0.0,10.0,24.68739891052246,,,,hold_to_memory_or_latch,1.3829705715179443,1.3788024187088013,1.387138843536377,"[1.387138843536377, 1.3788024187088013]",0.15499380230903625,"[0.028362847864627838, 0.15499380230903625, -0.061077781021595]"
34,10433,False,policy,0.0,False,1.0,0.0,-0.0728682428598404,0.2947807312011719,0.12807171046733856,0.10389238595962524,0.2625821530818939,0.29493436217308044,0.0,hold(0),-1.4573648571968079,5.8956146240234375,2.5614342093467712,0.2381038095612295,0.6017939658820249,0.6759397674360154,0.0,0.0,,24.68739891052246,24.68739891052246,0.0,10.0,24.68739891052246,,,,hold_to_memory_or_latch,1.427754521369934,1.4210549592971802,1.434454083442688,"[1.4210549592971802, 1.434454083442688]",0.15196770429611206,"[0.014241999946534634, 0.15196770429611206, -0.058727242052555084]"
35,10434,False,policy,0.0,False,1.0,0.0,0.2594611942768097,0.2757982313632965,-0.23824183642864227,0.2886640429496765,0.2343205064535141,0.24251510202884674,0.0,hold(0),5.189223885536194,5.51596462726593,-4.7648367285728455,0.6615692543279836,0.5370230429261731,0.5558036725774987,0.0,0.0,,24.68739891052246,24.68739891052246,0.0,10.0,24.68739891052246,,,,hold_to_memory_or_latch,1.5612993240356445,1.556462287902832,1.566136360168457,"[1.566136360168457, 1.556462287902832]",0.09787340462207794,"[-0.009810143150389194, 0.09787340462207794, -0.06622392684221268]"
36,10435,False,policy,0.0,False,1.0,0.0,-0.29115772247314453,-0.08882651478052139,-0.2585989236831665,0.21248190104961395,0.2915036678314209,0.1680094301700592,0.0,hold(0),-5.823154449462891,-1.776530295610428,-5.171978473663331,0.48697264612237023,0.6680771951729552,0.38504925068569257,0.0,0.0,,24.68739891052246,24.68739891052246,0.0,10.0,24.68739891052246,,,,hold_to_memory_or_latch,1.4849693775177002,1.4806545972824097,1.4892841577529907,"[1.4892841577529907, 1.4806545972824097]",0.12775737047195435,"[0.00739253219217062, 0.12775737047195435, -0.06134997308254242]"
37,10436,False,policy,0.0,False,1.0,0.0,-0.014638656750321388,0.27731043100357056,-0.2723121643066406,0.16518336534500122,0.18477284908294678,-0.07517395913600922,0.0,hold(0),-0.29277313500642776,5.546208620071411,-5.4462432861328125,0.3785723872014446,0.42346817684242216,-0.17228602351128977,0.0,0.0,,24.68739891052246,24.68739891052246,0.0,10.0,24.68739891052246,,,,hold_to_memory_or_latch,1.5047810077667236,1.4981743097305298,1.511387825012207,"[1.511387825012207, 1.4981743097305298]",0.1346268355846405,"[0.009193024598062038, 0.1346268355846405, -0.05551055818796158]"
38,10437,False,policy,0.0,False,1.0,0.0,-0.04818107187747955,0.24849428236484528,-0.2983408272266388,0.2893293797969818,-0.20954786241054535,-0.08040955662727356,0.0,hold(0),-0.9636214375495911,4.9698856472969055,-5.966816544532776,0.6630940940601889,-0.4802483248844927,-0.18428512909043895,0.0,0.0,,24.68739891052246,24.68739891052246,0.0,10.0,24.68739891052246,,,,hold_to_memory_or_latch,1.5211740732192993,1.5176072120666504,1.5247409343719482,"[1.5247409343719482, 1.5176072120666504]",0.11500631272792816,"[0.010741165839135647, 0.11500631272792816, -0.06281358003616333]"
39,10438,False,policy,0.0,False,1.0,0.0,-0.0067837233655154705,0.27120324969291687,-0.2572399377822876,0.1942591518163681,0.19539661705493927,0.2465810626745224,0.0,hold(0),-0.1356744673103094,5.424064993858337,-5.144798755645753,0.4452091812347605,0.4478160595352793,0.5651221679640388,0.0,0.0,,24.68739891052246,24.673301696777344,0.0,10.0,24.68739891052246,,,,hold_to_memory_or_latch,1.4179341793060303,1.4131191968917847,1.4227492809295654,"[1.4227492809295654, 1.4131191968917847]",0.16266578435897827,"[0.02287181466817856, 0.16266578435897827, -0.05505245923995972]"
40,10439,False,policy,0.0,False,1.0,0.0,-0.023257341235876083,0.2939679026603699,0.11893189698457718,0.2551153898239136,0.2410719245672226,0.24174337089061737,0.0,hold(0),-0.4651468247175217,5.879358053207398,2.3786379396915436,0.5846814050297999,0.55249615347192,0.5540349950919239,0.0,0.0,,24.673301696777344,24.68739891052246,0.0,10.0,24.673301696777344,,,,hold_to_memory_or_latch,1.4596807956695557,1.4559985399246216,1.4633630514144897,"[1.4559985399246216, 1.4633630514144897]",0.1354716718196869,"[0.012393197976052761, 0.1354716718196869, -0.06118854135274887]"
41,10440,False,policy,0.0,False,1.0,0.0,-0.23221592605113983,0.21342384815216064,-0.1568681299686432,-0.05364858731627464,0.20495493710041046,0.21164396405220032,0.0,hold(0),-4.644318521022797,4.268476963043213,-3.1373625993728638,-0.12295350520246469,0.4697221154489109,0.4850522359843837,0.0,0.0,,24.68739891052246,24.673301696777344,0.0,10.0,24.68739891052246,,,,hold_to_memory_or_latch,1.4289956092834473,1.4273412227630615,1.4306501150131226,"[1.4306501150131226, 1.4273412227630615]",0.16766221821308136,"[0.03030451387166977, 0.16766221821308136, -0.057886265218257904]"
42,10441,False,policy,0.0,False,1.0,0.0,0.11168225854635239,0.288131445646286,0.27157360315322876,0.2972346842288971,-0.1758781224489212,0.24580855667591095,0.0,hold(0),2.2336451709270477,5.76262891292572,5.431472063064575,0.6812117172487815,-0.40308296500033136,0.5633517146292798,0.0,0.0,,24.673301696777344,24.673301696777344,0.0,10.0,24.673301696777344,,,,hold_to_memory_or_latch,1.455998182296753,1.4386528730392456,1.4733433723449707,"[1.4733433723449707, 1.4386528730392456]",0.1477098912000656,"[0.03572859615087509, 0.1477098912000656, -0.055502451956272125]"
43,10442,False,policy,0.0,False,1.0,0.0,-0.13346564769744873,0.20243696868419647,0.004739038180559874,-0.2575269043445587,0.24279485642910004,-0.0011731565464287996,0.0,hold(0),-2.6693129539489746,4.048739373683929,0.09478076361119747,-0.5902081892004992,0.5564448224348877,-0.0026886767527405453,0.0,0.0,,24.673301696777344,24.673301696777344,0.0,10.0,24.673301696777344,,,,hold_to_memory_or_latch,1.436279296875,1.4143667221069336,1.458191990852356,"[1.458191990852356, 1.4143667221069336]",0.1567993313074112,"[0.017028681933879852, 0.1567993313074112, -0.06225218623876572]"
44,10443,False,policy,0.0,False,1.0,0.0,-0.27103227376937866,-0.15860652923583984,-0.25716015696525574,0.1791180819272995,0.18649229407310486,0.053765274584293365,0.0,hold(0),-5.420645475387573,-3.1721305847167973,-5.143203139305115,0.4105084051565107,0.427408854484061,0.12322093272168007,0.0,0.0,,24.673301696777344,24.68739891052246,0.0,10.0,24.673301696777344,,,,hold_to_memory_or_latch,1.5236306190490723,1.5002126693725586,1.5470484495162964,"[1.5470484495162964, 1.5002126693725586]",0.15388178825378418,"[0.03383999317884445, 0.15388178825378418, -0.056368011981248856]"
45,10444,False,policy,0.0,False,1.0,0.0,-0.09875423461198807,0.2527904808521271,-0.2547449469566345,0.2905421555042267,0.27652040123939514,-0.025886332616209984,0.0,hold(0),-1.9750846922397614,5.0558096170425415,-5.09489893913269,0.6658735712410341,0.6337380776112577,-0.05932710423922715,0.0,0.0,,24.68739891052246,24.673301696777344,0.0,10.0,24.68739891052246,,,,hold_to_memory_or_latch,1.5183124542236328,1.4801609516143799,1.5564638376235962,"[1.5564638376235962, 1.4801609516143799]",0.1578996479511261,"[0.018456675112247467, 0.1578996479511261, -0.0674348846077919]"
46,10445,False,policy,0.0,False,1.0,0.0,-0.14610402286052704,-0.0914510115981102,-0.22754453122615814,0.017486825585365295,0.09069272875785828,0.030137332156300545,0.0,hold(0),-2.9220804572105408,-1.829020231962204,-4.550890624523164,0.040076852124912674,0.20785242361400114,0.06906967753359688,0.0,0.0,,24.673301696777344,24.673301696777344,0.0,10.0,24.673301696777344,,,,hold_to_memory_or_latch,1.511406660079956,1.4931855201721191,1.529627799987793,"[1.529627799987793, 1.4931855201721191]",0.1787041574716568,"[0.049702130258083344, 0.1787041574716568, -0.05606484413146973]"
47,10446,False,policy,0.0,False,1.0,0.0,0.025236885994672775,0.27619341015815735,0.2495146542787552,-0.10059275478124619,-0.0513024665415287,0.26746344566345215,0.0,hold(0),0.5047377198934555,5.523868203163147,4.990293085575104,-0.23054161194239356,-0.11757659245762847,0.6129810644216971,0.0,0.0,,24.673301696777344,24.673301696777344,0.0,10.0,24.673301696777344,,,,hold_to_memory_or_latch,1.4172577857971191,1.39519202709198,1.4393235445022583,"[1.4393235445022583, 1.39519202709198]",0.2081214040517807,"[0.0639883428812027, 0.2081214040517807, -0.03400842472910881]"
48,10447,False,policy,0.0,False,1.0,0.0,-0.10262183099985123,0.2580692768096924,0.03884631767868996,0.28812581300735474,0.17094267904758453,0.2634064853191376,0.0,hold(0),-2.0524366199970245,5.1613855361938485,0.7769263535737992,0.6603357221638793,0.39177176192344004,0.6036831962064505,0.0,0.0,,24.673301696777344,24.673301696777344,0.0,10.0,24.673301696777344,,,,hold_to_memory_or_latch,1.4594018459320068,1.4425724744796753,1.476231336593628,"[1.476231336593628, 1.4425724744796753]",0.16730089485645294,"[0.03335998207330704, 0.16730089485645294, -0.062075644731521606]"
49,10448,False,policy,0.0,False,1.0,0.0,-0.04606376215815544,0.2165592759847641,0.051882363855838776,-0.06846436858177185,-0.29056599736213684,0.18417437374591827,0.0,hold(0),-0.9212752431631088,4.331185519695282,1.0376472771167755,-0.15690877467054404,-0.6659282127543942,0.42209657240424603,0.0,0.0,,24.673301696777344,24.673301696777344,0.0,10.0,24.673301696777344,,,,hold_to_memory_or_latch,1.4597318172454834,1.446666955947876,1.4727966785430908,"[1.4727966785430908, 1.446666955947876]",0.16510140895843506,"[0.021867357194423676, 0.16510140895843506, -0.06499354541301727]"
50,10449,False,policy,0.0,False,1.0,0.0,0.1332770437002182,0.28825318813323975,0.051440197974443436,0.18827921152114868,-0.27368658781051636,0.29663243889808655,0.0,hold(0),2.665540874004364,5.765063762664795,1.0288039594888687,0.431504167608509,-0.6272434556351675,0.6798314726213052,0.0,0.0,,24.673301696777344,24.673301696777344,0.0,10.0,24.673301696777344,,,,hold_to_memory_or_latch,1.4570386409759521,1.445971965789795,1.4681051969528198,"[1.4681051969528198, 1.445971965789795]",0.17362676560878754,"[0.029413960874080658, 0.17362676560878754, -0.06439834833145142]"
51,10450,False,policy,0.0,False,1.0,0.0,-0.1833374798297882,0.23525936901569366,-0.1832781434059143,0.2161460667848587,0.10998140275478363,0.2958289086818695,0.0,hold(0),-3.666749596595764,4.705187380313873,-3.665562868118286,0.49537029540500926,0.25205880811110354,0.6779899170172864,0.0,0.0,,24.673301696777344,24.673301696777344,0.0,10.0,24.673301696777344,,,,hold_to_memory_or_latch,1.4691728353500366,1.4427270889282227,1.4956185817718506,"[1.4956185817718506, 1.4427270889282227]",0.167124405503273,"[0.04587571322917938, 0.167124405503273, -0.05803907662630081]"
52,10451,False,policy,0.0,False,1.0,0.0,0.14375388622283936,0.29132649302482605,0.03982240706682205,0.2962527573108673,0.19196267426013947,0.29475995898246765,0.0,hold(0),2.875077724456787,5.826529860496521,0.796448141336441,0.6789613065210457,0.4399460423660238,0.6755400647657862,0.0,0.0,,24.673301696777344,24.673301696777344,0.0,10.0,24.673301696777344,,,,hold_to_memory_or_latch,1.4319376945495605,1.4110934734344482,1.4527819156646729,"[1.4527819156646729, 1.4110934734344482]",0.20670421421527863,"[0.0474114865064621, 0.20670421421527863, -0.03769449517130852]"
53,10452,False,policy,0.0,False,1.0,0.0,0.22910872101783752,0.28595608472824097,0.25377652049064636,0.23900224268436432,0.0453990176320076,0.2833901643753052,0.0,hold(0),4.5821744203567505,5.719121694564819,5.075530409812927,0.5477527919990212,0.10404688417416177,0.6494824149689458,0.0,0.0,,24.673301696777344,24.673301696777344,0.0,10.0,24.673301696777344,,,,hold_to_memory_or_latch,1.4090698957443237,1.3993713855743408,1.4187684059143066,"[1.4187684059143066, 1.3993713855743408]",0.2319834679365158,"[0.07716040313243866, 0.2319834679365158, -0.03240766376256943]"
54,10453,False,policy,0.0,False,1.0,0.0,0.08100785315036774,0.28500115871429443,0.23965881764888763,0.29237809777259827,-0.0798724964261055,0.29856687784194946,0.0,hold(0),1.620157063007355,5.700023174285889,4.793176352977753,0.6700812409773287,-0.18305427777558386,0.6842648801096689,0.0,0.0,,24.673301696777344,24.673301696777344,0.0,10.0,24.673301696777344,,,,hold_to_memory_or_latch,1.483374834060669,1.4601078033447266,1.5066418647766113,"[1.5066418647766113, 1.4601078033447266]",0.18262745440006256,"[0.025331325829029083, 0.18262745440006256, -0.04011336341500282]"
55,10454,False,policy,0.0,False,1.0,0.0,-0.0918278619647026,0.2769072949886322,0.1791180670261383,0.027442285791039467,-0.1368245631456375,0.29440823197364807,0.0,hold(0),-1.8365572392940521,5.538145899772644,3.582361340522766,0.06289308624073557,-0.31357880007865024,0.6747339658399414,0.0,0.0,,24.673301696777344,24.673301696777344,0.0,10.0,24.673301696777344,,,,hold_to_memory_or_latch,1.458400845527649,1.437565565109253,1.479236125946045,"[1.479236125946045, 1.437565565109253]",0.16306282579898834,"[0.025254949927330017, 0.16306282579898834, -0.04409394413232803]"
56,10455,False,policy,0.0,False,1.0,0.0,-0.2714616060256958,-0.2531653642654419,0.2876095175743103,-0.16810142993927002,-0.1850733608007431,0.10822747647762299,0.0,hold(0),-5.429232120513917,-5.063307285308838,5.752190351486206,-0.38526009862537086,-0.42415689896738046,0.24803910518076758,0.0,0.0,,24.673301696777344,24.673301696777344,0.0,10.0,24.673301696777344,,,,hold_to_memory_or_latch,1.434896469116211,1.4163310527801514,1.453461766242981,"[1.453461766242981, 1.4163310527801514]",0.22219794988632202,"[0.06680087000131607, 0.22219794988632202, -0.03752884268760681]"
57,10456,False,policy,0.0,False,1.0,0.0,0.0397857204079628,0.24719856679439545,0.262115478515625,0.2929949462413788,0.27591902017593384,0.2498571127653122,0.0,hold(0),0.795714408159256,4.943971335887909,5.2423095703125,0.671494953531738,0.6323598137386407,0.572630321711067,0.0,0.0,,24.673301696777344,24.673301696777344,0.0,10.0,24.673301696777344,,,,hold_to_memory_or_latch,1.535269021987915,1.5191855430603027,1.5513525009155273,"[1.5513525009155273, 1.5191855430603027]",0.18210765719413757,"[-0.010836058296263218, 0.18210765719413757, -0.05594652146100998]"
58,10457,False,policy,0.0,False,1.0,0.0,-0.03510008379817009,0.2741372883319855,0.28540992736816406,0.17772483825683594,0.18296289443969727,0.2887395918369293,0.0,hold(0),-0.7020016759634018,5.4827457666397095,5.708198547363282,0.40731532587047553,0.41932006635569,0.6617423996234436,0.0,0.0,,24.673301696777344,24.673301696777344,0.0,10.0,24.673301696777344,,,,hold_to_memory_or_latch,1.4342293739318848,1.429931402206421,1.4385273456573486,"[1.4385273456573486, 1.429931402206421]",0.2901709973812103,"[0.11644779145717621, 0.2901709973812103, -0.021707184612751007]"
59,10458,False,policy,0.0,False,1.0,0.0,-0.09174121916294098,-0.21566633880138397,-0.038499969989061356,0.22935324907302856,0.22759662568569183,0.2816672623157501,0.0,hold(0),-1.8348243832588196,-4.313326776027679,-0.7699993997812271,0.525638927579892,0.5216130433283571,0.6455338143078696,0.0,0.0,,24.673301696777344,24.673301696777344,0.0,10.0,24.673301696777344,,,,hold_to_memory_or_latch,1.522557258605957,1.5050688982009888,1.5400454998016357,"[1.5400454998016357, 1.5050688982009888]",0.1709163933992386,"[0.008895165286958218, 0.1709163933992386, -0.0652603879570961]"
60,10459,False,policy,0.0,False,1.0,0.0,-0.2794530391693115,-0.19248312711715698,-0.16487963497638702,0.15506085753440857,0.18704131245613098,0.22029946744441986,0.0,hold(0),-5.5890607833862305,-3.8496625423431396,-3.2975926995277405,0.3553733081760377,0.42866711193296075,0.5048891885417975,0.0,0.0,,24.673301696777344,24.673301696777344,0.0,10.0,24.673301696777344,,,,hold_to_memory_or_latch,1.5255978107452393,1.5000680685043335,1.5511276721954346,"[1.5511276721954346, 1.5000680685043335]",0.2088872790336609,"[0.04820863902568817, 0.2088872790336609, -0.051200561225414276]"
61,10460,False,policy,0.0,False,1.0,0.0,-0.28933367133140564,-0.15319442749023438,-0.1811945140361786,-0.06958812475204468,0.2556094229221344,0.2796303927898407,0.0,hold(0),-5.786673426628113,-3.063888549804688,-3.6238902807235718,-0.15948423410088072,0.585813645488513,0.6408656532177327,0.0,0.0,,24.673301696777344,24.673301696777344,0.0,10.0,24.673301696777344,,,,hold_to_memory_or_latch,1.5327316522598267,1.5226528644561768,1.5428104400634766,"[1.5428104400634766, 1.5226528644561768]",0.19095616042613983,"[0.008522405289113522, 0.19095616042613983, -0.07144077867269516]"
62,10461,False,policy,0.0,False,1.0,0.0,-0.28601324558258057,-0.1520698517560959,-0.23719315230846405,0.2711450755596161,0.2913340926170349,0.14393028616905212,0.0,hold(0),-5.720264911651611,-3.0413970351219177,-4.743863046169281,0.6214187386128724,0.6676885574091814,0.3298639176638741,0.0,0.0,,24.673301696777344,24.673301696777344,0.0,10.0,24.673301696777344,,,,hold_to_memory_or_latch,1.5185118913650513,1.5084099769592285,1.528613805770874,"[1.528613805770874, 1.5084099769592285]",0.20587924122810364,"[0.03949829190969467, 0.20587924122810364, -0.05293170362710953]"
63,10462,False,policy,0.0,False,1.0,0.0,-0.20755331218242645,0.24252644181251526,-0.15747779607772827,0.10653606057167053,0.28878557682037354,0.23299993574619293,0.0,hold(0),-4.151066243648529,4.850528836250305,-3.1495559215545654,0.2441626654682727,0.6618477894423368,0.5339965178030488,0.0,0.0,,24.673301696777344,24.673301696777344,0.0,10.0,24.673301696777344,,,,hold_to_memory_or_latch,1.523149847984314,1.5060237646102905,1.5402759313583374,"[1.5402759313583374, 1.5060237646102905]",0.2237284779548645,"[0.03548818081617355, 0.2237284779548645, -0.06250821053981781]"
64,10463,False,policy,0.0,False,1.0,0.0,0.17031364142894745,0.2990548610687256,0.007365778088569641,0.29830098152160645,-0.09955858439207077,0.28539320826530457,0.0,hold(0),3.406272828578949,5.981097221374512,0.14731556177139282,0.6836554906319203,-0.2281714679985074,0.6540730534120031,0.0,0.0,,24.673301696777344,24.673301696777344,0.0,10.0,24.673301696777344,,,,hold_to_memory_or_latch,1.485304355621338,1.4648325443267822,1.5057761669158936,"[1.5057761669158936, 1.4648325443267822]",0.21709901094436646,"[0.049308739602565765, 0.21709901094436646, -0.04136122763156891]"
65,10464,False,policy,0.0,False,1.0,0.0,-0.01040071714669466,0.2797067165374756,-0.20370574295520782,0.28503045439720154,0.0660850927233696,0.24487072229385376,0.0,hold(0),-0.2080143429338932,5.594134330749512,-4.074114859104157,0.653241682786229,0.15145587607119143,0.5612023565503143,0.0,0.0,,24.673301696777344,24.673301696777344,0.0,10.0,24.673301696777344,,,,hold_to_memory_or_latch,1.523761510848999,1.5081892013549805,1.5393338203430176,"[1.5393338203430176, 1.5081892013549805]",0.2098250538110733,"[0.04803924262523651, 0.2098250538110733, -0.04125255346298218]"
66,10465,False,policy,0.0,False,1.0,0.0,-0.03115207329392433,-0.07189048826694489,-0.02503432147204876,0.15871228277683258,0.21648256480693817,0.2904282212257385,0.0,hold(0),-0.6230414658784866,-1.4378097653388977,-0.5006864294409752,0.3637417583999749,0.4961414920641954,0.6656124531090645,0.0,0.0,,24.673301696777344,24.673301696777344,0.0,10.0,24.673301696777344,,,,hold_to_memory_or_latch,1.5191402435302734,1.5086219310760498,1.529658555984497,"[1.529658555984497, 1.5086219310760498]",0.19114337861537933,"[0.04265604168176651, 0.19114337861537933, -0.05007876083254814]"
67,10466,False,policy,0.0,False,1.0,0.0,0.22647041082382202,0.2801389992237091,-0.13103559613227844,0.26179763674736023,-0.19819295406341553,0.15590809285640717,0.0,hold(0),4.52940821647644,5.602779984474182,-2.620711922645569,0.5999959868849108,-0.45422479188255643,0.3573150285042348,0.0,0.0,,24.673301696777344,24.673301696777344,0.0,10.0,24.673301696777344,,,,hold_to_memory_or_latch,1.5231964588165283,1.5088298320770264,1.5375632047653198,"[1.5375632047653198, 1.5088298320770264]",0.164996936917305,"[0.027137160301208496, 0.164996936917305, -0.052110493183135986]"
68,10467,False,policy,0.0,False,1.0,0.0,0.2392980009317398,-0.08162175863981247,-0.21070483326911926,0.10002429783344269,0.19821126759052277,0.19844533503055573,0.0,hold(0),4.785960018634796,-1.6324351727962494,-4.214096665382385,0.2292388045846324,0.45426676339500616,0.4548032064524189,0.0,0.0,,24.673301696777344,24.673301696777344,0.0,10.0,24.673301696777344,,,,hold_to_memory_or_latch,1.5054311752319336,1.488068699836731,1.5227937698364258,"[1.5227937698364258, 1.488068699836731]",0.21948039531707764,"[0.027431458234786987, 0.21948039531707764, -0.04886304587125778]"
69,10468,False,policy,0.0,False,1.0,0.0,0.29494544863700867,0.28295183181762695,0.18620894849300385,0.2578212320804596,0.2755310833454132,0.2955944240093231,0.0,hold(0),5.898908972740173,5.659036636352539,3.724178969860077,0.5908827386829296,0.6314707280143801,0.6774525177333898,0.0,0.0,,24.673301696777344,24.673301696777344,0.0,10.0,24.673301696777344,,,,hold_to_memory_or_latch,1.4737937450408936,1.4607714414596558,1.486816167831421,"[1.486816167831421, 1.4607714414596558]",0.21084006130695343,"[0.04741591215133667, 0.21084006130695343, -0.04050125554203987]"
70,10469,False,policy,0.0,False,1.0,0.0,0.17838896811008453,0.21444597840309143,0.08326062560081482,0.25811704993247986,-0.03056478314101696,0.27186062932014465,0.0,hold(0),3.5677793622016907,4.288919568061829,1.6652125120162964,0.5915607032599451,-0.07004932302851534,0.6230586670325925,0.0,0.0,,24.673301696777344,24.673301696777344,0.0,10.0,24.673301696777344,,,,hold_to_memory_or_latch,1.5491514205932617,1.5441440343856812,1.5541586875915527,"[1.5441440343856812, 1.5541586875915527]",0.14637239277362823,"[0.0010128533467650414, 0.14637239277362823, -0.06078436225652695]"
71,10470,False,policy,0.0,False,1.0,0.0,-0.25363215804100037,0.29805219173431396,0.054138459265232086,0.26809072494506836,0.05630063638091087,0.19249610602855682,0.0,hold(0),-5.072643160820007,5.961043834686279,1.0827691853046417,0.6144186826382015,0.1290315539410756,0.44116857792556435,0.0,0.0,,24.673301696777344,24.673301696777344,0.0,10.0,24.673301696777344,,,,hold_to_memory_or_latch,1.435849905014038,1.4302499294281006,1.4414498805999756,"[1.4414498805999756, 1.4302499294281006]",0.24410377442836761,"[0.07283344119787216, 0.24410377442836761, -0.053739603608846664]"
72,10471,False,policy,0.0,False,1.0,0.0,-0.1449938416481018,-0.2901265323162079,0.25381484627723694,-0.22713132202625275,0.23345829546451569,0.20909905433654785,0.0,hold(0),-2.899876832962036,-5.802530646324158,5.076296925544739,-0.5205466458932431,0.5350470008973967,0.47921973254643463,0.0,0.0,,24.673301696777344,24.673301696777344,0.0,10.0,24.673301696777344,,,,hold_to_memory_or_latch,1.4514509439468384,1.4491069316864014,1.4537949562072754,"[1.4537949562072754, 1.4491069316864014]",0.2691630423069,"[0.04167664796113968, 0.2691630423069, -0.040951378643512726]"
73,10472,False,policy,0.0,False,1.0,0.0,0.10258310288190842,0.22712969779968262,0.2602752149105072,0.2950867712497711,0.17162483930587769,0.2637440860271454,0.0,hold(0),2.0516620576381683,4.542593955993652,5.205504298210144,0.6762890633101698,0.39333515807351005,0.6044569200356296,0.0,0.0,,24.673301696777344,24.673301696777344,0.0,10.0,24.673301696777344,,,,hold_to_memory_or_latch,1.4061260223388672,1.4022451639175415,1.4100067615509033,"[1.4100067615509033, 1.4022451639175415]",0.2833575904369354,"[0.06250414997339249, 0.2833575904369354, -0.04700467735528946]"
74,10473,False,policy,0.0,False,1.0,0.0,0.21936474740505219,0.29902881383895874,0.0038749726954847574,0.26304566860198975,-0.0059152026660740376,0.27559608221054077,0.0,hold(0),4.387294948101044,5.980576276779175,0.07749945390969515,0.602856265203637,-0.013556645909222991,0.6316196944401782,0.0,0.0,,24.673301696777344,24.673301696777344,0.0,10.0,24.673301696777344,,,,hold_to_memory_or_latch,1.4808807373046875,1.4797847270965576,1.4819767475128174,"[1.4797847270965576, 1.4819767475128174]",0.2564588785171509,"[0.03135047107934952, 0.2564588785171509, -0.06700790673494339]"
75,10474,False,policy,0.0,False,1.0,0.0,0.23557065427303314,0.29390811920166016,-0.04994452744722366,0.27522900700569153,-0.2806316316127777,0.2717795670032501,0.0,hold(0),4.711413085460663,5.878162384033203,-0.9988905489444733,0.6307784200401076,-0.6431603235712902,0.622872885887168,0.0,0.0,,24.673301696777344,24.673301696777344,0.0,10.0,24.673301696777344,,,,hold_to_memory_or_latch,1.539018154144287,1.5311307907104492,1.5469053983688354,"[1.5469053983688354, 1.5311307907104492]",0.182888001203537,"[0.003662458620965481, 0.182888001203537, -0.05812333524227142]"
76,10475,False,policy,0.0,False,1.0,0.0,0.1570153385400772,0.29218751192092896,0.07801796495914459,0.20461449027061462,0.1868153214454651,0.23567639291286469,0.0,hold(0),3.140306770801544,5.843750238418579,1.5603592991828918,0.4689418687890745,0.4281491786881987,0.5401305057909621,0.0,0.0,,24.673301696777344,24.673301696777344,0.0,10.0,24.673301696777344,,,,hold_to_memory_or_latch,1.434144139289856,1.431688666343689,1.436599612236023,"[1.436599612236023, 1.431688666343689]",0.2757887542247772,"[0.06118541955947876, 0.2757887542247772, -0.061680376529693604]"
77,10476,False,policy,0.0,False,1.0,0.0,-0.004878918640315533,0.2694483697414398,-0.03425983339548111,0.28381645679473877,0.1132817268371582,0.2890944182872772,0.0,hold(0),-0.09757837280631065,5.388967394828796,-0.6851966679096223,0.6504594052278243,0.2596225937489215,0.6625556019460251,0.0,0.0,,24.673301696777344,24.673301696777344,0.0,10.0,24.673301696777344,,,,hold_to_memory_or_latch,1.502612829208374,1.5010281801223755,1.5041974782943726,"[1.5041974782943726, 1.5010281801223755]",0.19564171135425568,"[0.010176881216466427, 0.19564171135425568, -0.05616492033004761]"
78,10477,False,policy,0.0,False,1.0,0.0,-0.020834963768720627,-0.18005862832069397,0.1602036952972412,0.16180366277694702,0.18010933697223663,0.27399760484695435,0.0,hold(0),-0.41669927537441254,-3.6011725664138794,3.204073905944824,0.3708266794750833,0.4127801943763486,0.6279562541769501,0.0,0.0,,24.673301696777344,24.645099639892578,0.0,10.0,24.673301696777344,,,,hold_to_memory_or_latch,1.418917179107666,1.4171098470687866,1.4207243919372559,"[1.4171098470687866, 1.4207243919372559]",0.37319087982177734,"[0.09323955327272415, 0.37319087982177734, -0.06935060769319534]"
79,10478,True,policy,0.0,False,1.0,0.0,-0.011165440082550049,0.00605657696723938,0.004501640796661377,0.03333159163594246,0.017990946769714355,0.05798487737774849,0.0,hold(0),-0.22330880165100098,0.1211315393447876,0.09003281593322754,0.07639038100772232,0.04123221277396617,0.1328915499731437,0.0,0.0,0.0,24.645099639892578,24.567501068115234,,,,,,,,1.4574847221374512,1.4434500932693481,1.4715193510055542,"[1.4715193510055542, 1.4434500932693481]",0.29648634791374207,"[0.04109986126422882, 0.29648634791374207, -0.05554494261741638]"
80,10479,True,policy,0.0,False,1.0,0.0,0.0799126923084259,-0.10618120431900024,0.01757293939590454,-0.1801605224609375,-0.17145930230617523,-0.11271897703409195,0.0,hold(0),1.598253846168518,-2.123624086380005,0.3514587879180908,-0.41289750287534366,-0.39295577521606173,-0.2583328662034209,0.0,0.0,0.0,24.567501068115234,24.48278045654297,,,,,,,,1.4631961584091187,1.4557232856750488,1.4706690311431885,"[1.4706690311431885, 1.4557232856750488]",0.2920667231082916,"[0.06554759293794632, 0.2920667231082916, -0.03872225433588028]"
81,10480,True,policy,0.0,False,1.0,0.0,-0.0021025538444519043,0.008602440357208252,-0.0030368566513061523,-0.016651706770062447,-0.016151046380400658,-0.0015802510315552354,0.0,hold(0),-0.042051076889038086,0.17204880714416504,-0.06073713302612305,-0.038162900784559924,-0.0370154716926801,-0.0036216685871723864,0.0,0.0,0.0,24.48278045654297,24.496904373168945,,,,,,,,1.50352942943573,1.5007994174957275,1.5062594413757324,"[1.5062594413757324, 1.5007994174957275]",0.19864009320735931,"[0.03862250596284866, 0.19864009320735931, -0.04466208815574646]"
82,10481,True,policy,0.0,False,1.0,0.0,0.0025451183319091797,0.003456324338912964,0.0015020370483398438,0.005205421708524227,-0.001574585447087884,-0.0051973978988826275,0.0,hold(0),0.050902366638183594,0.06912648677825928,0.030040740966796875,0.011929947779368654,-0.0036086840240342226,-0.011911558562245456,0.0,0.0,0.0,24.496904373168945,24.496904373168945,,,,,,,,1.3917088508605957,1.383387565612793,1.400030255317688,"[1.400030255317688, 1.383387565612793]",0.34007370471954346,"[0.09657061100006104, 0.34007370471954346, -0.05196718871593475]"
83,10482,True,policy,0.0,False,1.0,0.0,-0.001033395528793335,-0.0037081539630889893,-0.002802908420562744,-0.009039368480443954,0.003144875867292285,-0.0011937860399484634,0.0,hold(0),-0.0206679105758667,-0.07416307926177979,-0.05605816841125488,-0.02071670653572091,0.007207524571535693,-0.002735956069227314,0.0,0.0,0.0,24.496904373168945,24.496904373168945,,,,,,,,1.4393646717071533,1.4302164316177368,1.4485130310058594,"[1.4485130310058594, 1.4302164316177368]",0.3332286477088928,"[0.08744989335536957, 0.3332286477088928, -0.04521867632865906]"
84,10483,True,policy,0.0,False,1.0,0.0,-0.001490861177444458,0.00565648078918457,0.0022545456886291504,0.009152187034487724,-0.0015699217328801751,0.006273212376981974,0.0,hold(0),-0.02981722354888916,0.1131296157836914,0.04509091377258301,0.020975267615619977,-0.0035979955783959454,0.014377143727611928,0.0,0.0,0.0,24.496904373168945,24.496904373168945,,,,,,,,1.3852529525756836,1.3828331232070923,1.3876726627349854,"[1.3828331232070923, 1.3876726627349854]",0.36871087551116943,"[0.10816053301095963, 0.36871087551116943, -0.03000406175851822]"
85,10484,True,policy,0.0,False,1.0,0.0,0.0,0.0,0.0,0.0,0.0,0.0,0.0,hold(0),0.0,0.0,0.0,0.0,0.0,0.0,0.0,0.0,0.0,24.496904373168945,24.496904373168945,,,,,,,,1.4052479267120361,1.3972444534301758,1.4132513999938965,"[1.4132513999938965, 1.3972444534301758]",0.33407753705978394,"[0.08228667080402374, 0.33407753705978394, -0.03966004401445389]"
86,10485,True,policy,0.0,False,1.0,0.0,0.0,0.0,0.0,0.0,0.0,0.0,0.0,hold(0),0.0,0.0,0.0,0.0,0.0,0.0,0.0,0.0,0.0,24.496904373168945,24.50396728515625,,,,,,,,1.3992650508880615,1.3950477838516235,1.403482437133789,"[1.403482437133789, 1.3950477838516235]",0.3495911955833435,"[0.10263155400753021, 0.3495911955833435, -0.03048742562532425]"
87,10486,True,policy,0.0,False,1.0,0.0,0.0,0.0,0.0,0.0,0.0,0.0,0.0,hold(0),0.0,0.0,0.0,0.0,0.0,0.0,0.0,0.0,0.0,24.50396728515625,24.496904373168945,,,,,,,,1.3981106281280518,1.3944756984710693,1.4017456769943237,"[1.4017456769943237, 1.3944756984710693]",0.3643835783004761,"[0.11451008170843124, 0.3643835783004761, -0.03252427279949188]"
88,10487,True,policy,0.0,False,1.0,0.0,0.00535622239112854,0.0023283064365386963,-0.006008148193359375,-0.04542306065559387,-0.026888053864240646,-0.07294601947069168,0.0,hold(0),0.1071244478225708,0.046566128730773926,-0.1201629638671875,-0.10410198672529085,-0.061622880229656535,-0.16717996191799042,0.0,0.0,0.0,24.496904373168945,24.496904373168945,,,,,,,,1.413358211517334,1.4090958833694458,1.4176206588745117,"[1.4176206588745117, 1.4090958833694458]",0.327145516872406,"[0.08936040848493576, 0.327145516872406, -0.03190513700246811]"
89,10488,True,policy,0.0,False,1.0,0.0,0.049761682748794556,-0.03954246640205383,-0.0018104910850524902,-0.10913336277008057,-0.08754825592041016,-0.1759117692708969,0.0,hold(0),0.9952336549758911,-0.7908493280410767,-0.036209821701049805,-0.2501152436318305,-0.20064582271882897,-0.4031600778360608,0.0,0.0,0.0,24.496904373168945,24.496904373168945,,,,,,,,1.4082932472229004,1.4008212089538574,1.4157651662826538,"[1.4157651662826538, 1.4008212089538574]",0.36693274974823,"[0.10735402256250381, 0.36693274974823, -0.030088156461715698]"
90,10489,True,policy,0.0,False,1.0,0.0,0.06613433361053467,-0.03434270620346069,-0.022689998149871826,-0.09420926123857498,-0.036871057003736496,0.044659607112407684,0.0,hold(0),1.3226866722106934,-0.6868541240692139,-0.4537999629974365,-0.21591172240063058,-0.08450223810001503,0.10235228009013576,0.0,0.0,0.0,24.496904373168945,24.50396728515625,,,,,,,,1.3904144763946533,1.388424038887024,1.3924049139022827,"[1.388424038887024, 1.3924049139022827]",0.35635262727737427,"[0.10730776935815811, 0.35635262727737427, -0.033049970865249634]"
91,10490,True,policy,0.0,False,1.0,0.0,0.07915794849395752,0.002115964889526367,-0.03888159990310669,-0.16615933179855347,-0.034802310168743134,-0.005156958941370249,0.0,hold(0),1.5831589698791504,0.042319297790527344,-0.7776319980621338,-0.3808091375508403,-0.07976101959896838,-0.011818879298510727,0.0,0.0,0.0,24.50396728515625,24.50396728515625,,,,,,,,1.3777216672897339,1.3729302883148193,1.3825130462646484,"[1.3825130462646484, 1.3729302883148193]",0.38039568066596985,"[0.12091178447008133, 0.38039568066596985, -0.033970944583415985]"
92,10491,True,policy,0.0,False,1.0,0.0,0.11458545923233032,0.0033773481845855713,-0.02862289547920227,-0.12714889645576477,-0.04500272870063782,-0.041235148906707764,0.0,hold(0),2.2917091846466064,0.06754696369171143,-0.5724579095840454,-0.29140380546644934,-0.10313865684475224,-0.09450399999791383,0.0,0.0,0.0,24.50396728515625,24.50396728515625,,,,,,,,1.3832569122314453,1.3771765232086182,1.3893373012542725,"[1.3893373012542725, 1.3771765232086182]",0.36228397488594055,"[0.0889548808336258, 0.36228397488594055, -0.038063012063503265]"
93,10492,True,policy,0.0,False,1.0,0.0,0.07329732179641724,0.009587407112121582,-0.020106881856918335,-0.1101069301366806,-0.030819082632660866,-0.08449970930814743,0.0,hold(0),1.4659464359283447,0.19174814224243164,-0.4021376371383667,-0.2523464956789444,-0.07063213453265607,-0.1936590685375666,0.0,0.0,0.0,24.50396728515625,24.496904373168945,,,,,,,,1.3705687522888184,1.3642112016677856,1.3769261837005615,"[1.3769261837005615, 1.3642112016677856]",0.3859524726867676,"[0.0961998924612999, 0.3859524726867676, -0.06449907273054123]"
94,10493,True,policy,0.0,False,1.0,0.0,0.09592399001121521,0.01189112663269043,-0.014886260032653809,-0.1710847169160843,-0.06195341795682907,-0.09958203881978989,0.0,hold(0),1.9184798002243042,0.2378225326538086,-0.29772520065307617,-0.39209728873928285,-0.14198677501345255,-0.22822522158727543,0.0,0.0,0.0,24.496904373168945,24.50396728515625,,,,,,,,1.4201018810272217,1.4005388021469116,1.4396648406982422,"[1.4396648406982422, 1.4005388021469116]",0.3261481523513794,"[0.11721095442771912, 0.3261481523513794, -0.05176391452550888]"
95,10494,True,policy,0.0,False,1.0,0.0,0.13380348682403564,-0.017349421977996826,-0.00047013163566589355,-0.17389948666095734,-0.12194743752479553,-0.15439799427986145,0.0,hold(0),2.676069736480713,-0.3469884395599365,-0.009402632713317871,-0.3985482658065765,-0.27948293970424265,-0.3538541375008435,0.0,0.0,0.0,24.50396728515625,24.496904373168945,,,,,,,,1.3434600830078125,1.334706425666809,1.3522136211395264,"[1.3522136211395264, 1.334706425666809]",0.39221346378326416,"[0.11754176020622253, 0.39221346378326416, -0.019886508584022522]"
96,10495,True,policy,0.0,False,1.0,0.0,0.08662715554237366,-0.03431960940361023,-0.0022374093532562256,-0.17308413982391357,-0.09243902564048767,-0.07140228897333145,0.0,hold(0),1.7325431108474731,-0.6863921880722046,-0.04474818706512451,-0.39667962850249855,-0.21185464126006182,-0.1636419922298155,0.0,0.0,0.0,24.496904373168945,24.496904373168945,,,,,,,,1.3440134525299072,1.3356026411056519,1.3524243831634521,"[1.3524243831634521, 1.3356026411056519]",0.3862069547176361,"[0.13769231736660004, 0.3862069547176361, -0.03953127562999725]"
97,10496,True,policy,0.0,False,1.0,0.0,0.08652731776237488,0.0038415193557739258,0.006012618541717529,-0.12772883474826813,-0.08077247440814972,-0.03136666119098663,0.0,hold(0),1.7305463552474976,0.07683038711547852,0.12025237083435059,-0.29273292612798796,-0.18511687537661722,-0.07188709214641306,0.0,0.0,0.0,24.496904373168945,24.496904373168945,,,,,,,,1.3271024227142334,1.3190267086029053,1.3351781368255615,"[1.3351781368255615, 1.3190267086029053]",0.42631492018699646,"[0.15509915351867676, 0.42631492018699646, -0.03750533610582352]"
98,10497,True,policy,0.0,False,1.0,0.0,0.09004175662994385,0.025033950805664062,0.014516711235046387,-0.09415078908205032,-0.07418634742498398,-0.026133453473448753,0.0,hold(0),1.800835132598877,0.5006790161132812,0.29033422470092773,-0.21577771408911495,-0.17002258419771216,-0.05989346352520461,0.0,0.0,0.0,24.496904373168945,24.50396728515625,,,,,,,,1.341475009918213,1.3403456211090088,1.3426042795181274,"[1.3426042795181274, 1.3403456211090088]",0.45254629850387573,"[0.12442509084939957, 0.45254629850387573, -0.02797839045524597]"
99,10498,True,policy,0.0,False,1.0,0.0,0.1102842390537262,0.02355054020881653,0.004719197750091553,-0.17175038158893585,-0.08453897386789322,-0.10176140815019608,0.0,hold(0),2.205684781074524,0.47101080417633057,0.09438395500183105,-0.3936228797922969,-0.19374905627988157,-0.2332199681725765,0.0,0.0,0.0,24.50396728515625,24.496904373168945,,,,,,,,1.29990816116333,1.2988743782043457,1.3009419441223145,"[1.3009419441223145, 1.2988743782043457]",0.49509111046791077,"[0.16985653340816498, 0.49509111046791077, -0.006063253618776798]"
100,10499,True,policy,0.0,False,1.0,0.0,0.052897632122039795,0.02041533589363098,-0.017326325178146362,-0.1847403347492218,-0.03586883470416069,-0.07849419116973877,0.0,hold(0),1.057952642440796,0.40830671787261963,-0.34652650356292725,-0.4233936594785773,-0.08220531378403147,-0.1798954348127634,0.0,0.0,0.0,24.496904373168945,24.50396728515625,,,,,,,,1.2912626266479492,1.2852510213851929,1.2972743511199951,"[1.2972743511199951, 1.2852510213851929]",0.5330021381378174,"[0.17436465620994568, 0.5330021381378174, -0.00989819411188364]"
101,10500,True,policy,0.0,False,1.0,0.0,0.07675290107727051,0.05361735820770264,-0.01451447606086731,-0.23224936425685883,-0.038598887622356415,-0.056835636496543884,0.0,hold(0),1.5350580215454102,1.0723471641540527,-0.2902895212173462,-0.532276334660581,-0.08846213418643102,-0.13025768388766693,0.0,0.0,0.0,24.50396728515625,24.50396728515625,,,,,,,,1.3089373111724854,1.2989932298660278,1.3188815116882324,"[1.3188815116882324, 1.2989932298660278]",0.48712605237960815,"[0.13512451946735382, 0.48712605237960815, -0.024030573666095734]"
102,10501,True,policy,0.0,False,1.0,0.0,0.1528717577457428,0.13830438256263733,-0.024187564849853516,-0.3041190803050995,-0.07623885571956635,-0.09078466147184372,0.0,hold(0),3.057435154914856,2.7660876512527466,-0.4837512969970703,-0.6969895908352943,-0.17472658670551874,-0.2080631178744231,0.0,0.0,0.0,24.50396728515625,24.496904373168945,,,,,,,,1.281804084777832,1.2817753553390503,1.2818326950073242,"[1.2817753553390503, 1.2818326950073242]",0.5405438542366028,"[0.15726402401924133, 0.5405438542366028, 0.006978741846978664]"
103,10502,True,policy,0.0,False,1.0,0.0,0.04881918430328369,0.014678388833999634,-0.023889541625976562,-0.120052270591259,-0.03678467124700546,-0.02664112113416195,0.0,hold(0),0.9763836860656738,0.2935677766799927,-0.47779083251953125,-0.2751395370336669,-0.08430425652918576,-0.061056952099370426,0.0,0.0,0.0,24.496904373168945,24.496904373168945,,,,,,,,1.2742234468460083,1.2739109992980957,1.274535894393921,"[1.2739109992980957, 1.274535894393921]",0.5051834583282471,"[0.1290111243724823, 0.5051834583282471, -0.007302501238882542]"
104,10503,True,policy,0.0,False,1.0,0.0,0.07349774241447449,0.015375763177871704,-0.005543231964111328,-0.15317672491073608,-0.09835436195135117,-0.05843774601817131,0.0,hold(0),1.4699548482894897,0.3075152635574341,-0.11086463928222656,-0.35105519428086396,-0.22541159346058037,-0.13392944844394591,0.0,0.0,0.0,24.496904373168945,24.50396728515625,,,,,,,,1.3076400756835938,1.3068528175354004,1.308427333831787,"[1.308427333831787, 1.3068528175354004]",0.46731868386268616,"[0.13061997294425964, 0.46731868386268616, -0.020940542221069336]"
105,10504,True,policy,0.0,False,1.0,0.0,0.060474127531051636,0.004473328590393066,0.0035971403121948242,-0.10128707438707352,-0.04916519671678543,-0.06385061144828796,0.0,hold(0),1.2094825506210327,0.08946657180786133,0.07194280624389648,-0.23213287526427726,-0.11267833083209029,-0.1463348222126639,0.0,0.0,0.0,24.50396728515625,24.50396728515625,,,,,,,,1.3164623975753784,1.3092706203460693,1.3236541748046875,"[1.3092706203460693, 1.3236541748046875]",0.46347299218177795,"[0.08759233355522156, 0.46347299218177795, -0.011112802661955357]"
106,10505,True,policy,0.0,False,1.0,0.0,0.05932226777076721,0.005601346492767334,0.0020287930965423584,-0.08707895874977112,-0.0319816879928112,-0.03985295072197914,0.0,hold(0),1.1864453554153442,0.11202692985534668,0.04057586193084717,-0.19957027283022707,-0.07329662974769213,-0.09133623510049008,0.0,0.0,0.0,24.50396728515625,24.50396728515625,,,,,,,,1.2841399908065796,1.2802560329437256,1.2880239486694336,"[1.2802560329437256, 1.2880239486694336]",0.5245506167411804,"[0.1259518265724182, 0.5245506167411804, 0.00930675771087408]"
107,10506,True,policy,0.0,False,1.0,0.0,0.05909726023674011,0.04703700542449951,0.006330758333206177,-0.0494082048535347,-0.02139628306031227,2.3955175493028946e-05,0.0,hold(0),1.1819452047348022,0.9407401084899902,0.12661516666412354,-0.11323526445701314,-0.04903666866492601,5.490121812983119e-05,0.0,0.0,0.0,24.50396728515625,24.496904373168945,,,,,,,,1.2769125699996948,1.2703509330749512,1.2834742069244385,"[1.2703509330749512, 1.2834742069244385]",0.5219332575798035,"[0.10813012719154358, 0.5219332575798035, 0.030998140573501587]"
108,10507,True,policy,0.0,False,1.0,0.0,0.06762295961380005,0.05568116903305054,-0.01477077603340149,-0.0698854997754097,0.023221733048558235,0.018918760120868683,0.0,hold(0),1.352459192276001,1.1136233806610107,-0.2954155206680298,-0.16016576745173752,0.053220291866473986,0.043358604341847476,0.0,0.0,0.0,24.496904373168945,24.496904373168945,,,,,,,,1.2403088808059692,1.2349870204925537,1.2456307411193848,"[1.2349870204925537, 1.2456307411193848]",0.5470959544181824,"[0.13430917263031006, 0.5470959544181824, 0.03451932966709137]"
109,10508,True,policy,0.0,False,1.0,0.0,0.03465414047241211,0.047770142555236816,-0.0005416572093963623,-0.018465355038642883,0.010373855009675026,0.018755072727799416,0.0,hold(0),0.6930828094482422,0.9554028511047363,-0.010833144187927246,-0.04231947643699465,0.023775124373400992,0.042983460470552744,0.0,0.0,0.0,24.496904373168945,24.50396728515625,,,,,,,,1.277207374572754,1.2686986923217773,1.28571617603302,"[1.28571617603302, 1.2686986923217773]",0.5322999954223633,"[0.11420056968927383, 0.5322999954223633, 0.02134609967470169]"
110,10509,True,policy,0.0,False,1.0,0.0,0.00406801700592041,-0.0017978250980377197,-0.0003978610038757324,-0.0034828500356525183,-0.001378377666696906,-0.0007969433791004121,0.0,hold(0),0.0813603401184082,-0.035956501960754395,-0.007957220077514648,-0.007982104308795103,-0.003159008915072912,-0.00182645968533392,0.0,0.0,0.0,24.50396728515625,24.50396728515625,,,,,,,,1.3491342067718506,1.327420711517334,1.3708477020263672,"[1.3708477020263672, 1.327420711517334]",0.49957990646362305,"[0.09200230985879898, 0.49957990646362305, 0.03589341789484024]"
111,10510,True,policy,0.0,False,1.0,0.0,0.0,0.0,0.0,0.0,0.0,0.0,0.0,hold(0),0.0,0.0,0.0,0.0,0.0,0.0,0.0,0.0,0.0,24.50396728515625,24.50396728515625,,,,,,,,1.2940428256988525,1.2854740619659424,1.3026117086410522,"[1.3026117086410522, 1.2854740619659424]",0.5244981646537781,"[0.13671313226222992, 0.5244981646537781, 0.04061451554298401]"
112,10511,True,policy,0.0,False,1.0,0.0,0.0,0.0,0.0,0.0,0.0,0.0,0.0,hold(0),0.0,0.0,0.0,0.0,0.0,0.0,0.0,0.0,0.0,24.50396728515625,24.50396728515625,,,,,,,,1.3466131687164307,1.328587532043457,1.3646389245986938,"[1.3646389245986938, 1.328587532043457]",0.44368481636047363,"[0.11458881199359894, 0.44368481636047363, 0.033667176961898804]"
113,10512,True,policy,0.0,False,1.0,0.0,0.0,0.0,0.0,0.0,0.0,0.0,0.0,hold(0),0.0,0.0,0.0,0.0,0.0,0.0,0.0,0.0,0.0,24.50396728515625,24.496904373168945,,,,,,,,1.3407649993896484,1.326494574546814,1.355035424232483,"[1.355035424232483, 1.326494574546814]",0.4358310103416443,"[0.11422952264547348, 0.4358310103416443, 0.03324136137962341]"
114,10513,True,policy,0.0,False,1.0,0.0,0.0,0.0,0.0,0.0,0.0,0.0,0.0,hold(0),0.0,0.0,0.0,0.0,0.0,0.0,0.0,0.0,0.0,24.496904373168945,24.496904373168945,,,,,,,,1.3850550651550293,1.3696194887161255,1.4004905223846436,"[1.4004905223846436, 1.3696194887161255]",0.4124246835708618,"[0.10236168652772903, 0.4124246835708618, 0.0415329784154892]"
115,10514,True,policy,0.0,False,1.0,0.0,0.0,0.0,0.0,0.0,0.0,0.0,0.0,hold(0),0.0,0.0,0.0,0.0,0.0,0.0,0.0,0.0,0.0,24.496904373168945,24.50396728515625,,,,,,,,1.3505890369415283,1.3426408767700195,1.3585373163223267,"[1.3585373163223267, 1.3426408767700195]",0.3934304416179657,"[0.10756269842386246, 0.3934304416179657, 0.04168730974197388]"
116,10515,True,policy,0.0,False,1.0,0.0,0.0,0.0,0.0,0.0,0.0,0.0,0.0,hold(0),0.0,0.0,0.0,0.0,0.0,0.0,0.0,0.0,0.0,24.50396728515625,24.50396728515625,,,,,,,,1.355757474899292,1.3485268354415894,1.362987995147705,"[1.362987995147705, 1.3485268354415894]",0.38154205679893494,"[0.10776018351316452, 0.38154205679893494, 0.04032021760940552]"
117,10516,True,policy,0.0,False,1.0,0.0,0.0,0.0,0.0,0.0,0.0,0.0,0.0,hold(0),0.0,0.0,0.0,0.0,0.0,0.0,0.0,0.0,0.0,24.50396728515625,24.496904373168945,,,,,,,,1.3504973649978638,1.340683937072754,1.3603107929229736,"[1.3603107929229736, 1.340683937072754]",0.4084669053554535,"[0.11804109066724777, 0.4084669053554535, 0.044311366975307465]"
118,10517,True,policy,0.0,False,1.0,0.0,0.0,0.0,0.0,0.0,0.0,0.0,0.0,hold(0),0.0,0.0,0.0,0.0,0.0,0.0,0.0,0.0,0.0,24.496904373168945,24.496904373168945,,,,,,,,1.3616760969161987,1.3501970767974854,1.373155117034912,"[1.373155117034912, 1.3501970767974854]",0.4049413204193115,"[0.09886836260557175, 0.4049413204193115, 0.035876572132110596]"
119,10518,True,policy,0.0,False,1.0,0.0,0.0,0.0,0.0,0.0,0.0,0.0,0.0,hold(0),0.0,0.0,0.0,0.0,0.0,0.0,0.0,-1.0,-1.0,24.496904373168945,24.50396728515625,,,,,,,,1.358388900756836,1.3490408658981323,1.3677369356155396,"[1.3677369356155396, 1.3490408658981323]",0.3661339282989502,"[0.10396060347557068, 0.3661339282989502, 0.041026338934898376]"
120,10519,True,policy,0.0,False,1.0,0.0,0.0,0.0,0.0,0.0,0.0,0.0,0.0,hold(0),0.0,0.0,0.0,0.0,0.0,0.0,0.0,0.0,0.0,24.50396728515625,24.546327590942383,,,,,,,,1.344751000404358,1.3350589275360107,1.354443073272705,"[1.354443073272705, 1.3350589275360107]",0.42627817392349243,"[0.09710826724767685, 0.42627817392349243, 0.04296886920928955]"
121,10520,True,policy,0.0,False,1.0,0.0,0.0,0.0,0.0,0.0,0.0,0.0,0.0,hold(0),0.0,0.0,0.0,0.0,0.0,0.0,0.0,0.0,0.0,24.546327590942383,24.72263526916504,,,,,,,,1.3538167476654053,1.3453855514526367,1.3622479438781738,"[1.3622479438781738, 1.3453855514526367]",0.393431156873703,"[0.10307740420103073, 0.393431156873703, 0.03978663682937622]"
122,10521,True,policy,0.0,False,1.0,0.0,0.0,0.0,0.0,0.0,0.0,0.0,0.0,hold(0),0.0,0.0,0.0,0.0,0.0,0.0,0.0,0.0,0.0,24.72263526916504,27.308977127075195,,,,,,,,1.3261353969573975,1.3152071237564087,1.3370636701583862,"[1.3370636701583862, 1.3152071237564087]",0.4196496307849884,"[0.10062926262617111, 0.4196496307849884, 0.04394270479679108]"
123,10522,True,policy,0.0,False,1.0,0.0,0.0,0.0,0.0,0.0,0.0,0.0,0.0,hold(0),0.0,0.0,0.0,0.0,0.0,0.0,0.0,0.0,0.0,27.308977127075195,31.73790740966797,,,,,,,,1.2931734323501587,1.29158353805542,1.2947633266448975,"[1.2947633266448975, 1.29158353805542]",0.5330640077590942,"[0.17439603805541992, 0.5330640077590942, 0.07366025447845459]"
124,10523,True,policy,0.0,False,1.0,0.0,0.0,0.0,0.0,0.0,0.0,0.0,0.0,hold(0),0.0,0.0,0.0,0.0,0.0,0.0,0.0,0.0,0.0,31.73790740966797,38.386478424072266,,,,,,,,1.2141199111938477,1.2135206460952759,1.214719295501709,"[1.2135206460952759, 1.214719295501709]",0.6015529632568359,"[0.23502814769744873, 0.6015529632568359, 0.07418665289878845]"
125,10524,True,policy,0.0,False,1.0,0.0,0.0,0.0,0.0,0.0,0.0,0.0,0.0,hold(0),0.0,0.0,0.0,0.0,0.0,0.0,0.0,0.0,0.0,38.386478424072266,47.753021240234375,,,,,,,,1.4452825784683228,1.4192686080932617,1.4712965488433838,"[1.4192686080932617, 1.4712965488433838]",0.2788984179496765,"[0.1757039576768875, 0.2788984179496765, 0.03893373906612396]"
126,10525,True,policy,0.0,False,1.0,0.0,0.0,0.0,0.0,0.0,0.0,0.0,0.0,hold(0),0.0,0.0,0.0,0.0,0.0,0.0,0.0,0.0,0.0,47.753021240234375,58.03255081176758,,,,,,,,1.4014160633087158,1.3895145654678345,1.4133176803588867,"[1.3895145654678345, 1.4133176803588867]",0.25077489018440247,"[0.19969959557056427, 0.25077489018440247, 0.05003979057073593]"
127,10526,True,policy,0.0,False,1.0,0.0,0.0,0.0,0.0,0.0,0.0,0.0,0.0,hold(0),0.0,0.0,0.0,0.0,0.0,0.0,0.0,0.0,0.0,58.03255081176758,67.0399169921875,,,,,,,,1.4939134120941162,1.4768385887145996,1.5109881162643433,"[1.4768385887145996, 1.5109881162643433]",0.20188039541244507,"[0.17171169817447662, 0.20188039541244507, 0.038942091166973114]"
128,10527,True,policy,0.0,False,1.0,-0.02,0.0,0.0,0.0,0.0,0.0,0.0,1.0,open(+1),0.0,0.0,0.0,0.0,0.0,0.0,0.0,0.0,0.0,67.0399169921875,73.8167495727539,,,,,,,,1.479583501815796,1.4782586097717285,1.4809085130691528,"[1.4782586097717285, 1.4809085130691528]",0.03581574559211731,"[0.17904159426689148, 0.20212066173553467, 0.03581574559211731]"
129,10528,True,policy,0.0,False,1.0,0.0,0.0,0.0,0.0,0.0,0.0,0.0,0.0,hold(0),0.0,0.0,0.0,0.0,0.0,0.0,0.0,0.0,0.0,73.8167495727539,78.7219467163086,,,,,,,,1.6263377666473389,1.6156182289123535,1.6370573043823242,"[1.6370573043823242, 1.6156182289123535]",0.12943090498447418,"[0.08350429683923721, 0.12943090498447418, -0.011185691691935062]"
130,10529,True,policy,0.0,False,1.0,0.0,0.0,0.0,0.0,0.0,0.0,0.0,0.0,hold(0),0.0,0.0,0.0,0.0,0.0,0.0,0.0,0.0,0.0,78.7219467163086,81.9736328125,,,,,,,,1.7112481594085693,1.69454026222229,1.7279560565948486,"[1.7279560565948486, 1.69454026222229]",0.13590846955776215,"[0.05377329885959625, 0.13590846955776215, -0.007084210403263569]"
131,10530,True,policy,0.0,False,1.0,0.0,0.0,0.0,0.0,0.0,0.0,0.0,0.0,hold(0),0.0,0.0,0.0,0.0,0.0,0.0,0.0,0.0,0.0,81.9736328125,83.32229614257812,,,,,,,,1.7450740337371826,1.7447237968444824,1.7454242706298828,"[1.7454242706298828, 1.7447237968444824]",0.10818134993314743,"[0.03149763494729996, 0.10818134993314743, -0.021759241819381714]"
132,10531,True,policy,0.0,False,1.0,0.0,0.0,0.0,0.0,0.0,0.0,0.0,0.0,hold(0),0.0,0.0,0.0,0.0,0.0,0.0,0.0,0.0,0.0,83.32229614257812,83.49302673339844,,,,,,,,1.7842351198196411,1.7814632654190063,1.7870069742202759,"[1.7870069742202759, 1.7814632654190063]",0.09771139174699783,"[0.016499586403369904, 0.09771139174699783, -0.03503267467021942]"
133,10532,True,policy,0.0,False,1.0,0.0,0.0,0.0,0.0,0.0,0.0,0.0,0.0,hold(0),0.0,0.0,0.0,0.0,0.0,0.0,0.0,0.0,0.0,83.49302673339844,83.47879028320312,,,,,,,,1.8469215631484985,1.8325622081756592,1.861280918121338,"[1.861280918121338, 1.8325622081756592]",0.1031971201300621,"[0.05553179979324341, 0.1031971201300621, -0.005229518748819828]"
134,10533,True,policy,0.0,False,1.0,0.0,0.0,0.0,0.0,0.0,0.0,0.0,0.0,hold(0),0.0,0.0,0.0,0.0,0.0,0.0,0.0,0.0,0.0,83.47879028320312,83.47879028320312,,,,,,,,1.8668575286865234,1.85833740234375,1.8753776550292969,"[1.8753776550292969, 1.85833740234375]",0.11739975959062576,"[0.07374483346939087, 0.11739975959062576, 0.013211182318627834]"
135,10534,True,policy,0.0,False,1.0,0.0,0.0,0.0,0.0,0.0,0.0,0.0,0.0,hold(0),0.0,0.0,0.0,0.0,0.0,0.0,0.0,0.0,0.0,83.47879028320312,83.47879028320312,,,,,,,,1.879657506942749,1.872519850730896,1.8867950439453125,"[1.872519850730896, 1.8867950439453125]",0.16745625436306,"[0.11927048116922379, 0.16745625436306, 0.03414563834667206]"
136,10535,True,policy,0.0,False,1.0,0.0,0.0,0.0,0.0,0.0,0.0,0.0,0.0,hold(0),0.0,0.0,0.0,0.0,0.0,0.0,0.0,0.0,0.0,83.47879028320312,83.46455383300781,,,,,,,,1.8798930644989014,1.8722871541976929,1.8874988555908203,"[1.8722871541976929, 1.8874988555908203]",0.2161719650030136,"[0.1387239545583725, 0.2161719650030136, 0.05512931942939758]"
137,10536,True,policy,0.0,False,1.0,0.0,0.0,0.0,0.0,0.0,0.0,0.0,0.0,hold(0),0.0,0.0,0.0,0.0,0.0,0.0,0.0,0.0,0.0,83.46455383300781,83.46455383300781,,,,,,,,1.8847706317901611,1.8662904500961304,1.9032506942749023,"[1.8662904500961304, 1.9032506942749023]",0.21450941264629364,"[0.1368248164653778, 0.21450941264629364, 0.06226610392332077]"
138,10537,True,policy,0.0,False,1.0,0.0,0.0,0.0,0.0,0.0,0.0,0.0,0.0,hold(0),0.0,0.0,0.0,0.0,0.0,0.0,0.0,0.0,0.0,83.46455383300781,83.46455383300781,,,,,,,,1.8463038206100464,1.8250141143798828,1.86759352684021,"[1.8250141143798828, 1.86759352684021]",0.24879895150661469,"[0.17458036541938782, 0.24879895150661469, 0.06473198533058167]"
139,10538,True,policy,0.0,False,1.0,0.0,0.0,0.0,0.0,0.0,0.0,0.0,0.0,hold(0),0.0,0.0,0.0,0.0,0.0,0.0,0.0,0.0,0.0,83.46455383300781,83.44319915771484,,,,,,,,1.8901023864746094,1.8738794326782227,1.906325340270996,"[1.8738794326782227, 1.906325340270996]",0.19975045323371887,"[0.13431371748447418, 0.19975045323371887, 0.05018167942762375]"
140,10539,True,policy,0.0,False,1.0,0.0,0.0,0.0,0.0,0.0,0.0,0.0,0.0,hold(0),0.0,0.0,0.0,0.0,0.0,0.0,0.0,0.0,0.0,83.44319915771484,83.36495208740234,,,,,,,,1.8920917510986328,1.8814982175827026,1.9026854038238525,"[1.8814982175827026, 1.9026854038238525]",0.2049158811569214,"[0.14659960567951202, 0.2049158811569214, 0.05382564663887024]"
141,10540,True,policy,0.0,False,1.0,0.0,0.0,0.0,0.0,0.0,0.0,0.0,0.0,hold(0),0.0,0.0,0.0,0.0,0.0,0.0,0.0,0.0,0.0,83.36495208740234,83.3507308959961,,,,,,,,1.880203127861023,1.880057692527771,1.880348563194275,"[1.880057692527771, 1.880348563194275]",0.16998369991779327,"[0.11807315796613693, 0.16998369991779327, 0.029243364930152893]"
142,10541,True,policy,0.0,False,1.0,0.0,0.0,0.0,0.0,0.0,0.0,0.0,0.0,hold(0),0.0,0.0,0.0,0.0,0.0,0.0,0.0,0.0,0.0,83.3507308959961,83.33650970458984,,,,,,,,1.8880528211593628,1.869318962097168,1.9067866802215576,"[1.9067866802215576, 1.869318962097168]",0.10247910022735596,"[0.054667823016643524, 0.10247910022735596, -0.015253604389727116]"
143,10542,True,policy,0.0,False,1.0,0.0,0.0,0.0,0.0,0.0,0.0,0.0,0.0,hold(0),0.0,0.0,0.0,0.0,0.0,0.0,0.0,0.0,0.0,83.33650970458984,83.23703002929688,,,,,,,,1.879120111465454,1.85914146900177,1.8990988731384277,"[1.8990988731384277, 1.85914146900177]",0.07366349548101425,"[0.04186762869358063, 0.07366349548101425, -0.0241449773311615]"
144,10543,True,policy,0.0,False,1.0,0.0,0.0,0.0,0.0,0.0,0.0,0.0,0.0,hold(0),0.0,0.0,0.0,0.0,0.0,0.0,0.0,0.0,0.0,83.23703002929688,83.20862579345703,,,,,,,,1.839004635810852,1.8331183195114136,1.8448909521102905,"[1.8448909521102905, 1.8331183195114136]",0.09029381722211838,"[0.042270220816135406, 0.09029381722211838, -0.023550361394882202]"
145,10544,True,policy,0.0,False,1.0,0.0,0.0,0.0,0.0,0.0,0.0,0.0,0.0,hold(0),0.0,0.0,0.0,0.0,0.0,0.0,0.0,0.0,0.0,83.20862579345703,83.13054656982422,,,,,,,,1.8348116874694824,1.8227815628051758,1.846841812133789,"[1.846841812133789, 1.8227815628051758]",0.10487788915634155,"[0.05654432624578476, 0.10487788915634155, -0.015979841351509094]"
146,10545,True,policy,0.0,False,1.0,0.0,0.0,0.0,0.0,0.0,0.0,0.0,0.0,hold(0),0.0,0.0,0.0,0.0,0.0,0.0,0.0,0.0,0.0,83.13054656982422,83.1163558959961,,,,,,,,1.8310215473175049,1.8092976808547974,1.8527452945709229,"[1.8527452945709229, 1.8092976808547974]",0.09020569920539856,"[0.04190966486930847, 0.09020569920539856, -0.026315420866012573]"
147,10546,True,policy,0.0,False,1.0,0.0,0.0,0.0,0.0,0.0,0.0,0.0,0.0,hold(0),0.0,0.0,0.0,0.0,0.0,0.0,0.0,0.0,0.0,83.1163558959961,83.1163558959961,,,,,,,,1.8426880836486816,1.8207380771636963,1.864638090133667,"[1.864638090133667, 1.8207380771636963]",0.07596173882484436,"[0.03684217482805252, 0.07596173882484436, -0.03042808175086975]"
148,10547,True,policy,0.0,False,1.0,0.0,0.0,0.0,0.0,0.0,0.0,0.0,0.0,hold(0),0.0,0.0,0.0,0.0,0.0,0.0,0.0,0.0,0.0,83.1163558959961,83.1163558959961,,,,,,,,1.8501540422439575,1.826337218284607,1.873970866203308,"[1.873970866203308, 1.826337218284607]",0.05946779623627663,"[0.019999757409095764, 0.05946779623627663, -0.03512972593307495]"
149,10548,True,policy,0.0,False,1.0,0.0,0.0,0.0,0.0,0.0,0.0,0.0,0.0,hold(0),0.0,0.0,0.0,0.0,0.0,0.0,0.0,0.0,0.0,83.1163558959961,83.1163558959961,,,,,,,,1.8468375205993652,1.8215831518173218,1.8720917701721191,"[1.8720917701721191, 1.8215831518173218]",0.050920743495225906,"[0.016156278550624847, 0.050920743495225906, -0.03238852322101593]"
150,10549,True,policy,0.0,False,1.0,0.0,0.0,0.0,0.0,0.0,0.0,0.0,0.0,hold(0),0.0,0.0,0.0,0.0,0.0,0.0,0.0,0.0,0.0,83.1163558959961,83.1163558959961,,,,,,,,1.850588083267212,1.8178762197494507,1.8832998275756836,"[1.8832998275756836, 1.8178762197494507]",0.0562257282435894,"[0.013652480207383633, 0.0562257282435894, -0.03521560877561569]"
151,10550,True,policy,0.0,False,1.0,0.0,0.0,0.0,0.0,0.0,0.0,0.0,0.0,hold(0),0.0,0.0,0.0,0.0,0.0,0.0,0.0,0.0,0.0,83.1163558959961,83.1163558959961,,,,,,,,1.8455581665039062,1.8161966800689697,1.8749195337295532,"[1.8749195337295532, 1.8161966800689697]",0.05053633823990822,"[0.019102491438388824, 0.05053633823990822, -0.03207387775182724]"
152,10551,True,policy,0.0,False,1.0,0.0,0.0,0.0,0.0,0.0,0.0,0.0,0.0,hold(0),0.0,0.0,0.0,0.0,0.0,0.0,0.0,0.0,0.0,83.1163558959961,83.1021728515625,,,,,,,,1.850934624671936,1.8250815868377686,1.8767876625061035,"[1.8767876625061035, 1.8250815868377686]",0.051093000918626785,"[0.017115935683250427, 0.051093000918626785, -0.0316963791847229]"
153,10552,True,policy,0.0,False,1.0,0.0,0.0,0.0,0.0,0.0,0.0,0.0,0.0,hold(0),0.0,0.0,0.0,0.0,0.0,0.0,0.0,0.0,0.0,83.1021728515625,83.1163558959961,,,,,,,,1.858661413192749,1.8312695026397705,1.8860533237457275,"[1.8860533237457275, 1.8312695026397705]",0.051191117614507675,"[0.01567152887582779, 0.051191117614507675, -0.03411325067281723]"
154,10553,True,policy,0.0,False,1.0,0.0,0.0,0.0,0.0,0.0,0.0,0.0,0.0,hold(0),0.0,0.0,0.0,0.0,0.0,0.0,0.0,-1.0,-1.0,83.1163558959961,83.1021728515625,,,,,,,,1.8494555950164795,1.824646234512329,1.8742650747299194,"[1.8742650747299194, 1.824646234512329]",0.052122343331575394,"[0.014870843850076199, 0.052122343331575394, -0.03448103368282318]"
155,10554,True,policy,0.0,False,1.0,0.0,0.0,0.0,0.0,0.0,0.0,0.0,0.0,hold(0),0.0,0.0,0.0,0.0,0.0,0.0,0.0,0.0,0.0,83.1021728515625,82.14207458496094,,,,,,,,1.8478590250015259,1.8179237842559814,1.8777942657470703,"[1.8777942657470703, 1.8179237842559814]",0.052081722766160965,"[0.016617290675640106, 0.052081722766160965, -0.035965628921985626]"
156,10555,True,policy,0.0,False,1.0,0.0,0.0,0.0,0.0,0.0,0.0,0.0,0.0,hold(0),0.0,0.0,0.0,0.0,0.0,0.0,0.0,1.0,1.0,82.14207458496094,79.0789794921875,,,,,,,,1.8597512245178223,1.8338745832443237,1.8856277465820312,"[1.8856277465820312, 1.8338745832443237]",0.05128167197108269,"[0.011685079894959927, 0.05128167197108269, -0.0343286395072937]"
157,10556,True,policy,0.0,False,1.0,0.0,0.0,0.0,0.0,0.0,0.0,0.0,0.0,hold(0),0.0,0.0,0.0,0.0,0.0,0.0,0.0,0.0,0.0,79.0789794921875,74.73434448242188,,,,,,,,1.8353924751281738,1.8065710067749023,1.8642139434814453,"[1.8642139434814453, 1.8065710067749023]",0.049988437443971634,"[0.00969784613698721, 0.049988437443971634, -0.033380717039108276]"
158,10557,True,policy,0.0,False,1.0,0.0,0.0,0.0,0.0,0.0,0.0,0.0,0.0,hold(0),0.0,0.0,0.0,0.0,0.0,0.0,0.0,0.0,0.0,74.73434448242188,68.17903900146484,,,,,,,,1.7639927864074707,1.7434206008911133,1.7845648527145386,"[1.7845648527145386, 1.7434206008911133]",0.06832472234964371,"[0.015304810367524624, 0.06832472234964371, -0.0282556414604187]"
159,10558,True,policy,0.0,False,1.0,0.0,0.0,0.0,0.0,0.0,0.0,0.0,0.0,hold(0),0.0,0.0,0.0,0.0,0.0,0.0,0.0,0.0,0.0,68.17903900146484,60.31890106201172,,,,,,,,1.6706252098083496,1.6512528657913208,1.689997673034668,"[1.689997673034668, 1.6512528657913208]",0.09372532367706299,"[0.04129404574632645, 0.09372532367706299, -0.02169005572795868]"
160,10559,True,policy,0.0,False,1.0,0.0,0.0,0.0,0.0,0.0,0.0,0.0,0.0,hold(0),0.0,0.0,0.0,0.0,0.0,0.0,0.0,0.0,0.0,60.31890106201172,49.35083770751953,,,,,,,,1.689220666885376,1.6698129177093506,1.7086284160614014,"[1.7086284160614014, 1.6698129177093506]",0.06626234948635101,"[0.024719148874282837, 0.06626234948635101, -0.02760690450668335]"
161,10560,True,policy,0.0,False,1.0,0.0,0.0,0.0,0.0,0.0,0.0,0.0,0.0,hold(0),0.0,0.0,0.0,0.0,0.0,0.0,0.0,0.0,0.0,49.35083770751953,37.01979446411133,,,,,,,,1.6297818422317505,1.6257528066635132,1.6338108777999878,"[1.6338108777999878, 1.6257528066635132]",0.09210923314094543,"[0.05303648114204407, 0.09210923314094543, -0.01876550167798996]"
162,10561,True,policy,0.0,False,1.0,-0.02,0.0,0.0,0.0,0.0,0.0,0.0,-1.0,close(-1),0.0,0.0,0.0,0.0,0.0,0.0,0.0,0.0,0.0,37.01979446411133,24.560443878173828,,,,,,,,1.5870447158813477,1.580319881439209,1.5937695503234863,"[1.580319881439209, 1.5937695503234863]",0.04882165044546127,"[0.04882165044546127, 0.09359553456306458, -0.014504947699606419]"
163,10562,True,policy,0.0,False,1.0,0.0,0.0,0.0,0.0,0.0,0.0,0.0,0.0,hold(0),0.0,0.0,0.0,0.0,0.0,0.0,0.0,0.0,0.0,24.560443878173828,17.755205154418945,,,,,,,,1.3358045816421509,1.3189334869384766,1.3526756763458252,"[1.3189334869384766, 1.3526756763458252]",0.1486663669347763,"[0.09494346380233765, 0.1486663669347763, 0.00239634420722723]"
164,10563,True,policy,0.0,False,1.0,0.0,0.0,0.0,0.0,0.0,0.0,0.0,0.0,hold(0),0.0,0.0,0.0,0.0,0.0,0.0,0.0,0.0,0.0,17.755205154418945,17.659133911132812,,,,,,,,1.2647366523742676,1.253424048423767,1.2760491371154785,"[1.253424048423767, 1.2760491371154785]",0.19952429831027985,"[0.13269942998886108, 0.19952429831027985, 0.012317902408540249]"
165,10564,True,policy,0.0,False,1.0,0.0,0.0,0.0,0.0,0.0,0.0,0.0,0.0,hold(0),0.0,0.0,0.0,0.0,0.0,0.0,0.0,0.0,0.0,17.659133911132812,17.659133911132812,,,,,,,,1.2542606592178345,1.2396080493927002,1.2689132690429688,"[1.2396080493927002, 1.2689132690429688]",0.18702825903892517,"[0.14030088484287262, 0.18702825903892517, 0.0057633137330412865]"
166,10565,True,policy,0.0,False,1.0,0.0,0.0,0.0,0.0,0.0,0.0,0.0,0.0,hold(0),0.0,0.0,0.0,0.0,0.0,0.0,0.0,0.0,0.0,17.659133911132812,17.67391586303711,,,,,,,,1.2541821002960205,1.2464295625686646,1.261934518814087,"[1.2464295625686646, 1.261934518814087]",0.1904035359621048,"[0.14421121776103973, 0.1904035359621048, 0.0031169718131422997]"
167,10566,True,policy,0.0,False,1.0,0.0,0.0,0.0,0.0,0.0,0.0,0.0,0.0,hold(0),0.0,0.0,0.0,0.0,0.0,0.0,0.0,0.0,0.0,17.67391586303711,17.718257904052734,,,,,,,,1.25880765914917,1.2533509731292725,1.2642642259597778,"[1.2533509731292725, 1.2642642259597778]",0.19759926199913025,"[0.15251736342906952, 0.19759926199913025, 0.005788556300103664]"
168,10567,True,policy,0.0,False,1.0,0.0,0.0,0.0,0.0,0.0,0.0,0.0,0.0,hold(0),0.0,0.0,0.0,0.0,0.0,0.0,0.0,0.0,0.0,17.718257904052734,17.718257904052734,,,,,,,,1.2697038650512695,1.2569429874420166,1.2824647426605225,"[1.2569429874420166, 1.2824647426605225]",0.1962278038263321,"[0.1502339392900467, 0.1962278038263321, 0.00731006171554327]"
169,10568,True,policy,0.0,False,1.0,0.0,0.0,0.0,0.0,0.0,0.0,0.0,0.0,hold(0),0.0,0.0,0.0,0.0,0.0,0.0,0.0,0.0,0.0,17.718257904052734,17.718257904052734,,,,,,,,1.2841484546661377,1.256880521774292,1.3114163875579834,"[1.256880521774292, 1.3114163875579834]",0.2363693118095398,"[0.14290307462215424, 0.2363693118095398, 0.0008578253909945488]"
170,10569,True,policy,0.0,False,1.0,0.0,0.0,0.0,0.0,0.0,0.0,0.0,0.0,hold(0),0.0,0.0,0.0,0.0,0.0,0.0,0.0,0.0,0.0,17.718257904052734,17.718257904052734,,,,,,,,1.250236988067627,1.2266807556152344,1.27379310131073,"[1.2266807556152344, 1.27379310131073]",0.24599604308605194,"[0.16267229616641998, 0.24599604308605194, 0.0011773696169257164]"
171,10570,True,policy,0.0,False,1.0,0.0,0.0,0.0,0.0,0.0,0.0,0.0,0.0,hold(0),0.0,0.0,0.0,0.0,0.0,0.0,0.0,0.0,0.0,17.718257904052734,17.718257904052734,,,,,,,,1.2744495868682861,1.2476067543029785,1.3012924194335938,"[1.2476067543029785, 1.3012924194335938]",0.23163364827632904,"[0.14218230545520782, 0.23163364827632904, -0.012562480755150318]"
172,10571,True,policy,0.0,False,1.0,0.0,0.0,0.0,0.0,0.0,0.0,0.0,0.0,hold(0),0.0,0.0,0.0,0.0,0.0,0.0,0.0,0.0,0.0,17.718257904052734,17.718257904052734,,,,,,,,1.2970430850982666,1.2667779922485352,1.327308177947998,"[1.2667779922485352, 1.327308177947998]",0.2218538373708725,"[0.1253867745399475, 0.2218538373708725, -0.02101729065179825]"
173,10572,True,policy,0.0,False,1.0,0.0,0.0,0.0,0.0,0.0,0.0,0.0,0.0,hold(0),0.0,0.0,0.0,0.0,0.0,0.0,0.0,0.0,0.0,17.718257904052734,17.718257904052734,,,,,,,,1.336460828781128,1.3083852529525757,1.3645365238189697,"[1.3083852529525757, 1.3645365238189697]",0.19418811798095703,"[0.07964112609624863, 0.19418811798095703, -0.03443997725844383]"
174,10573,True,policy,0.0,False,1.0,0.0,0.0,0.0,0.0,0.0,0.0,0.0,0.0,hold(0),0.0,0.0,0.0,0.0,0.0,0.0,0.0,0.0,0.0,17.718257904052734,17.718257904052734,,,,,,,,1.36600661277771,1.3346505165100098,1.3973627090454102,"[1.3346505165100098, 1.3973627090454102]",0.25675052404403687,"[0.14254464209079742, 0.25675052404403687, 0.00949134211987257]"
175,10574,True,policy,0.0,False,1.0,0.0,0.0,0.0,0.0,0.0,0.0,0.0,0.0,hold(0),0.0,0.0,0.0,0.0,0.0,0.0,0.0,0.0,0.0,17.718257904052734,17.718257904052734,,,,,,,,1.3010823726654053,1.2759817838668823,1.3261828422546387,"[1.2759817838668823, 1.3261828422546387]",0.3742714524269104,"[0.2445753961801529, 0.3742714524269104, 0.08034244924783707]"
176,10575,True,policy,0.0,False,1.0,0.0,0.0,0.0,0.0,0.0,0.0,0.0,0.0,hold(0),0.0,0.0,0.0,0.0,0.0,0.0,0.0,0.0,0.0,17.718257904052734,17.718257904052734,,,,,,,,1.2558788061141968,1.2366389036178589,1.2751187086105347,"[1.2366389036178589, 1.2751187086105347]",0.4626484513282776,"[0.3012809455394745, 0.4626484513282776, 0.09582186490297318]"
177,10576,True,policy,0.0,False,1.0,0.0,0.0,0.0,0.0,0.0,0.0,0.0,0.0,hold(0),0.0,0.0,0.0,0.0,0.0,0.0,0.0,0.0,0.0,17.718257904052734,17.718257904052734,,,,,,,,1.2656946182250977,1.2444424629211426,1.2869467735290527,"[1.2444424629211426, 1.2869467735290527]",0.4252943992614746,"[0.27086958289146423, 0.4252943992614746, 0.08557115495204926]"
178,10577,True,policy,0.0,False,1.0,0.0,0.0,0.0,0.0,0.0,0.0,0.0,0.0,hold(0),0.0,0.0,0.0,0.0,0.0,0.0,0.0,0.0,0.0,17.718257904052734,17.718257904052734,,,,,,,,1.2603977918624878,1.2410962581634521,1.2796993255615234,"[1.2410962581634521, 1.2796993255615234]",0.4334185719490051,"[0.28275179862976074, 0.4334185719490051, 0.0854710191488266]"
179,10578,True,policy,0.0,False,1.0,0.0,0.0,0.0,0.0,0.0,0.0,0.0,0.0,hold(0),0.0,0.0,0.0,0.0,0.0,0.0,0.0,0.0,0.0,17.718257904052734,17.718257904052734,,,,,,,,1.2663778066635132,1.243861198425293,1.2888944149017334,"[1.243861198425293, 1.2888944149017334]",0.4510577917098999,"[0.2904823422431946, 0.4510577917098999, 0.08788356184959412]"
180,10579,True,policy,0.0,False,1.0,0.0,0.0,0.0,0.0,0.0,0.0,0.0,0.0,hold(0),0.0,0.0,0.0,0.0,0.0,0.0,0.0,0.0,0.0,17.718257904052734,17.718257904052734,,,,,,,,1.2250415086746216,1.1990760564804077,1.2510069608688354,"[1.1990760564804077, 1.2510069608688354]",0.4989618957042694,"[0.3392806351184845, 0.4989618957042694, 0.10818777978420258]"
181,10580,True,policy,0.0,False,1.0,0.0,0.0,0.0,0.0,0.0,0.0,0.0,0.0,hold(0),0.0,0.0,0.0,0.0,0.0,0.0,0.0,0.0,0.0,17.718257904052734,17.718257904052734,,,,,,,,1.280286192893982,1.2551145553588867,1.3054578304290771,"[1.2551145553588867, 1.3054578304290771]",0.43586188554763794,"[0.26325032114982605, 0.43586188554763794, 0.0734906792640686]"
182,10581,True,policy,0.0,False,1.0,0.0,0.0,0.0,0.0,0.0,0.0,0.0,0.0,hold(0),0.0,0.0,0.0,0.0,0.0,0.0,0.0,0.0,0.0,17.718257904052734,17.718257904052734,,,,,,,,1.1346535682678223,1.132153868675232,1.137153148651123,"[1.132153868675232, 1.137153148651123]",0.6533302068710327,"[0.25278040766716003, 0.6533302068710327, 0.07744964212179184]"
183,10582,True,policy,0.0,False,1.0,0.0,0.0,0.0,0.0,0.0,0.0,0.0,0.0,hold(0),0.0,0.0,0.0,0.0,0.0,0.0,0.0,0.0,0.0,17.718257904052734,17.718257904052734,,,,,,,,1.1471551656723022,1.140216588973999,1.1540937423706055,"[1.1540937423706055, 1.140216588973999]",0.6933509111404419,"[0.26239120960235596, 0.6933509111404419, 0.07300882041454315]"
184,10583,True,policy,0.0,False,1.0,0.0,0.0,0.0,0.0,0.0,0.0,0.0,0.0,hold(0),0.0,0.0,0.0,0.0,0.0,0.0,0.0,0.0,0.0,17.718257904052734,17.718257904052734,,,,,,,,1.166334629058838,1.1516492366790771,1.1810200214385986,"[1.1810200214385986, 1.1516492366790771]",0.6448013186454773,"[0.2384168952703476, 0.6448013186454773, 0.0598272942006588]"
185,10584,True,policy,0.0,False,1.0,0.0,0.0,0.0,0.0,0.0,0.0,0.0,0.0,hold(0),0.0,0.0,0.0,0.0,0.0,0.0,0.0,0.0,0.0,17.718257904052734,17.718257904052734,,,,,,,,1.1638225317001343,1.1489206552505493,1.1787244081497192,"[1.1787244081497192, 1.1489206552505493]",0.6310827732086182,"[0.2517243027687073, 0.6310827732086182, 0.06350041925907135]"
186,10585,True,policy,0.0,False,1.0,0.0,0.0,0.0,0.0,0.0,0.0,0.0,0.0,hold(0),0.0,0.0,0.0,0.0,0.0,0.0,0.0,0.0,0.0,17.718257904052734,17.718257904052734,,,,,,,,1.1616721153259277,1.1508110761642456,1.1725330352783203,"[1.1725330352783203, 1.1508110761642456]",0.6411399841308594,"[0.27389803528785706, 0.6411399841308594, 0.05974530428647995]"
187,10586,True,policy,0.0,False,1.0,0.0,0.0,0.0,0.0,0.0,0.0,0.0,0.0,hold(0),0.0,0.0,0.0,0.0,0.0,0.0,0.0,0.0,0.0,17.718257904052734,17.718257904052734,,,,,,,,1.1471905708312988,1.136946439743042,1.1574347019195557,"[1.1574347019195557, 1.136946439743042]",0.6763736009597778,"[0.2791842818260193, 0.6763736009597778, 0.0655091404914856]"
188,10587,True,policy,0.0,False,1.0,0.0,0.0,0.0,0.0,0.0,0.0,0.0,0.0,hold(0),0.0,0.0,0.0,0.0,0.0,0.0,0.0,0.0,0.0,17.718257904052734,17.718257904052734,,,,,,,,1.1448452472686768,1.1342799663543701,1.155410647392273,"[1.155410647392273, 1.1342799663543701]",0.6890298128128052,"[0.28020691871643066, 0.6890298128128052, 0.07836731523275375]"
189,10588,True,policy,0.0,False,1.0,0.0,0.0,0.0,0.0,0.0,0.0,0.0,0.0,hold(0),0.0,0.0,0.0,0.0,0.0,0.0,0.0,0.0,0.0,17.718257904052734,17.718257904052734,,,,,,,,1.1444091796875,1.1336402893066406,1.1551780700683594,"[1.1551780700683594, 1.1336402893066406]",0.6777976751327515,"[0.2856517434120178, 0.6777976751327515, 0.07208774983882904]"
190,10589,True,policy,0.0,False,1.0,0.0,0.0,0.0,0.0,0.0,0.0,0.0,0.0,hold(0),0.0,0.0,0.0,0.0,0.0,0.0,0.0,0.0,0.0,17.718257904052734,17.718257904052734,,,,,,,,1.1507185697555542,1.1396135091781616,1.1618236303329468,"[1.1618236303329468, 1.1396135091781616]",0.6406491994857788,"[0.27390986680984497, 0.6406491994857788, 0.07190237939357758]"
191,10590,True,policy,0.0,False,1.0,0.0,0.0,0.0,0.0,0.0,0.0,0.0,0.0,hold(0),0.0,0.0,0.0,0.0,0.0,0.0,0.0,0.0,0.0,17.718257904052734,17.718257904052734,,,,,,,,1.152573585510254,1.1406326293945312,1.1645145416259766,"[1.1645145416259766, 1.1406326293945312]",0.6319862604141235,"[0.2744249403476715, 0.6319862604141235, 0.0619690865278244]"
192,10591,True,policy,0.0,False,1.0,0.0,0.0,0.0,0.0,0.0,0.0,0.0,0.0,hold(0),0.0,0.0,0.0,0.0,0.0,0.0,0.0,0.0,0.0,17.718257904052734,17.718257904052734,,,,,,,,1.147682547569275,1.1348483562469482,1.1605167388916016,"[1.1605167388916016, 1.1348483562469482]",0.6630070805549622,"[0.276980459690094, 0.6630070805549622, 0.058780670166015625]"
193,10592,True,policy,0.0,False,1.0,0.0,0.0,0.0,0.0,0.0,0.0,0.0,0.0,hold(0),0.0,0.0,0.0,0.0,0.0,0.0,0.0,0.0,0.0,17.718257904052734,17.718257904052734,,,,,,,,1.1431429386138916,1.1336063146591187,1.152679443359375,"[1.152679443359375, 1.1336063146591187]",0.6957510113716125,"[0.2889658808708191, 0.6957510113716125, 0.06648974865674973]"
194,10593,True,policy,0.0,False,1.0,0.0,0.0,0.0,0.0,0.0,0.0,0.0,0.0,hold(0),0.0,0.0,0.0,0.0,0.0,0.0,0.0,0.0,0.0,17.718257904052734,17.718257904052734,,,,,,,,1.1416397094726562,1.1297695636749268,1.1535098552703857,"[1.1535098552703857, 1.1297695636749268]",0.7356423139572144,"[0.28170475363731384, 0.7356423139572144, 0.05303630232810974]"
195,10594,True,policy,0.0,False,1.0,0.0,0.0,0.0,0.0,0.0,0.0,0.0,0.0,hold(0),0.0,0.0,0.0,0.0,0.0,0.0,0.0,0.0,0.0,17.718257904052734,17.718257904052734,,,,,,,,1.1416621208190918,1.1302001476287842,1.1531240940093994,"[1.1531240940093994, 1.1302001476287842]",0.7342115044593811,"[0.2738019526004791, 0.7342115044593811, 0.052523259073495865]"
196,10595,True,policy,0.0,False,1.0,0.0,0.0,0.0,0.0,0.0,0.0,0.0,0.0,hold(0),0.0,0.0,0.0,0.0,0.0,0.0,0.0,0.0,0.0,17.718257904052734,17.718257904052734,,,,,,,,1.1511025428771973,1.1344759464263916,1.167729139328003,"[1.167729139328003, 1.1344759464263916]",0.7136857509613037,"[0.2702125310897827, 0.7136857509613037, 0.050215184688568115]"
197,10596,True,policy,0.0,False,1.0,0.0,0.0,0.0,0.0,0.0,0.0,0.0,0.0,hold(0),0.0,0.0,0.0,0.0,0.0,0.0,0.0,0.0,0.0,17.718257904052734,17.718257904052734,,,,,,,,1.1527533531188965,1.1365070343017578,1.1689995527267456,"[1.1689995527267456, 1.1365070343017578]",0.7360320687294006,"[0.27168387174606323, 0.7360320687294006, 0.06699556857347488]"
198,10597,True,policy,0.0,False,1.0,0.0,0.0,0.0,0.0,0.0,0.0,0.0,0.0,hold(0),0.0,0.0,0.0,0.0,0.0,0.0,0.0,0.0,0.0,17.718257904052734,17.718257904052734,,,,,,,,1.1394453048706055,1.1256861686706543,1.1532044410705566,"[1.1532044410705566, 1.1256861686706543]",0.8178225159645081,"[0.27371904253959656, 0.8178225159645081, 0.06304185837507248]"
199,10598,True,policy,0.0,False,1.0,0.0,0.0,0.0,0.0,0.0,0.0,0.0,0.0,hold(0),0.0,0.0,0.0,0.0,0.0,0.0,0.0,0.0,0.0,17.718257904052734,17.718257904052734,,,,,,,,1.1426384449005127,1.1281744241714478,1.157102346420288,"[1.157102346420288, 1.1281744241714478]",0.8147820830345154,"[0.2736043632030487, 0.8147820830345154, 0.06051144003868103]"
200,10599,True,policy,0.0,False,1.0,0.0,0.0,0.0,0.0,0.0,0.0,0.0,0.0,hold(0),0.0,0.0,0.0,0.0,0.0,0.0,0.0,0.0,0.0,17.718257904052734,17.718257904052734,,,,,,,,1.1420166492462158,1.1244124174118042,1.159620761871338,"[1.159620761871338, 1.1244124174118042]",0.8111340403556824,"[0.266270250082016, 0.8111340403556824, 0.057795219123363495]"
201,10600,True,policy,1.0,True,0.0,0.0,0.0,0.0,0.0,0.0,0.0,0.0,0.0,hold(0),0.0,0.0,0.0,0.0,0.0,0.0,0.0,0.0,0.0,17.718257904052734,17.718257904052734,,,,,,,,1.1404635906219482,1.1279830932617188,1.1529440879821777,"[1.1529440879821777, 1.1279830932617188]",0.7621985077857971,"[0.23916755616664886, 0.7621985077857971, 0.0487167090177536]"
